rank	chr	xstart	xend	xgenes	xclass	ystart	yend	ygenes	yclass	observed	expected	enr_log2													
3	3L	7960000	8200000	"RNaseX25,CG8042,HP4,CG8209,CG8038,nmo,bip1,Ect4,CG42590,CG42591,CG7565,fan,CG7927,Arp66B,msk,ldbr,CG7550,mRpL36,Uba2,RecQ4,Nmt,mthl7,CG7979,ERR,Atg18,MED24,CG7387,CG7375,CG8005,CG7366,CG13679"	Null	20800000	20840000	"CG3634,CG3680,CG3618,Pka-R1,Mst77F,CG3288,CG13255,CSN3,CG11456,CG32432"	Null	74	11.69598	2.661512521													
4	2R	4480000	4960000	"CG43183,CG8736,CG8735,rgr,CG8642,Cirl,Vps25,beta3GalTII,CG14749,CG8635,ptc,Acsl,CG30354,CG30355,Jon44E,CG8586,CG8738,CG8584,CG12376,CG14744,PGRP-SC1a,CG14743,PGRP-SC1b,PGRP-SC2,CG14767,CG30357,gcl,CG30356,stmA,CG8740,CG42615,CG8746,sns,CG30350,Rya-r44F,CG"	Null	10680000	11240000	"chn,Rpb12,CG8089,CG7544,CG10249,CG10253,CG12853,Lap1,CG10257,aPKC,CG10265,hbs,CG43101,Obp51a,CG12424,pcs,CG7639,CG33467,igl,CG43068,Sfp51E,CG8090,CG11807,CG42391,row,Ir51b,CG8093,CG11808,mRpL41,CG8079,Hex-C,Fs,scb,alphaPS4,trpm,CG34187,CG8102,CG8152,mus21"	Null	3098	493.69231	2.649653066													
6	3L	840000	880000	"CG13902,Gr61a,CG13889,CG13890,dpr20,CG12502,CG32479,CG13907"	Null	2200000	2240000	"CG15878,osm-1,CG9018,ACXD"	Null	100	17.3341	2.528315162													
9	X	13120000	13320000	"mew,CG32639,CG15742,comt,HDAC4,CG15743,CG15744,CG1764,CG1622,CG15745,IP3K2,Jafrac1,RpS15Aa,CG15747,Syt12,dmrt11E,CG1640,Rbp1-like,Tim9a,Yippee,CG1662,CG1673,CG12725,CG1681,CG1998,Set2"	Null	19120000	19400000	"CG8051,out,gfA,kek5,vav,CG8010,CG32537,CG32536,CG8028,CG8034,CG32533,CG12200,mRpS14,Nat1,CG43260,pcm,CG12203,CG12204,ksh,CG14200,Pfrx,CG7884,CG14196,CG7889,CG7992,Hs3st-B,rictor"	Null	388	70.47867	2.460798048													
10	3L	12760000	13040000	"CG32113,Hip1,CG32106,CG10969,CG17666,Atg1,CG42709,Sap130,CG32110,CG10754,CG42588,CG10960,CG10948,CG11009,Ent3,CG32107,CG10943,CG14120,CG34032,CG14119,CG14118,CG12520,CG32117,CG32115,CG10752,Or69a,CG10748,CG10749,CG11262,CG11263,CG14117,CG11261,MICAL-like,"	Null	18360000	18920000	"CG4174,CG13380,CG18233,CG18231,CG32201,CG32199,not,bora,MYPT-75D,CG42495,Capr,GNBP2,GNBP1,CG34254,Sgf11,CG32202,Chmp1,Cyp12c1,CG6885,MED11,Nufip,Aut1,ftz-f1,CG14073,HipHop,Cat,Indy,CG6865,CG14074,dysb,CG6852,Rad9,blos3,Ugt,CG3961,CG11637,CG3902,RpL26,CG38"	Null	1071	195.74129	2.451938462													
11	3L	6520000	6760000	"sfl,CG32396,CG18769,CG32397,ndl,CG8368,zpg,CG8398,Glu-RI,eIF4E-4,Gr65a,SP1173,CG8519,ple,dikar,CG10107,CG8549,CG10103,CG32392"	Null	9160000	9440000	"CG4484,CG4476,CG4483,CG4477,Glu-RIB,CG42509,Rdl,PGRP-LA,PGRP-LC,PGRP-LF,UGP,CG32040,CG32039,CG34455,CG34456,Klp67A,CG4447,CG4452,Fdxh,Hsp67Bc,Hsp67Bb,Hsp22,CG4461,Hsp26,Hsp67Ba,Hsp23,Hsp27,CG4080,eIF-4E,Cpr67B,CG4022,CG3689,CG3967,CG3982,aay,Shc,RpS17,MTF"	Null	887	162.15242	2.451583549													
12	2L	1920000	2280000	"CG7337,CG15357,CG33673,erm,CG33543,CG15353,Nplp4,CG4238,CG42296,lectin-22C,Su(dx),CG31672,Or22c,dpr3,CG12674,CG4259,GlyP,tho2,CG11723,CG7261,AIF,CG15382,aop,CG10874,CG34172,CG31668,CG33124,CG15385,Uch,CG34174,CG10880,CG15386,CG42371,mio,CG7082,CG15387,l(2"	Null	10720000	11120000	"dpr2,CG33129,YL-1,CG16743,abo,l(2)06225,SCAR,piwi,CG12253,CG16833,aub,CG6431,CG6443,CG17118,CG6750,Dpy-30L1,Nup107,Vha16-5,CG12299,CG6729,CG17124,CG6700,CG17140,CG17139,Porin2,porin,CG43129,Dnz1,ial,Stam,CG12517,CG14071,CG14070,CG7309,CG14069,CG14072,Samu"	Null	598	109.78744	2.445432469													
14	2L	13200000	13440000	"CG16972,Pect,CG15482,kek4,CG9426,CG5705,Ski6,CG16812,CG15480,CG16813,CG16815,Prosalpha6T,CG15479,CG5867,CG5945,CG16820,CG31728,CG31851,CG31730,CG6043,CG31848,CG6108,Drep-4,CG6116,CG31729,CG16824,CG15639,CG16825,CG16970,CG16826,CG9395,CG9377,Nnp-1,CG6523,T"	Null	19920000	20440000	"spir,La,rtGEF,CG40341,CG40172,CG17571,CG17570,CG12617,CG10949,Arc-p34,CG15130,CG11019,CG31688,neb,CG42849,fok,CG10747,CG10721,Taf13,nesd,mRpS18B,Kua,CG13970,sick,CG10664,CG13966,CG10659,sNPF,barr,lok,vls,bwa,CG10730,pr,CG10651,Ugt37a1,CG16798,CG10947,CG34"	Null	598	117.60947	2.346141253													
15	3R	19160000	19560000	"pnt,DNApol-epsilon,ATPsyn-Cf6,sec13,RpS3,CG4408,CG42827,CG42828,CG4393,CG31515,CG17380,Ir94d,Ir94e,CG4374,Ir94f,Ir94g,Ir94h,CG34289,Irk2,CG10177,CG10175,CG10170,CG16732,CG10168,CG10164,beat-IV,CG10182,CG33337,CG16723,CG10183,CG10184,CG31145,CG13822,CG1015"	Null	24440000	24600000	"CG33346,CG9989,CG9990,htt,CG10011,CG9988,CG14062,CG31050,AR-2,CG10000,CG9997,CG14061"	Null	1100	217.0948	2.341106449													
17	3R	760000	1120000	"Cdep,CG34306,UbcD6,CG14661,CG2016,CG1124,CG14662,CG2022,corto,CG43131,CG12007,CG12589,dpr16,CG12590,cno,Prosbeta2R2,CG1116,CG2604,CG14664,CG1115,katanin-60,Mms19,rtp,CG12163,CG33293,CG1113,CG12173,Hph,Tim17a2,l(3)82Fd,CG31538"	Null	7640000	8000000	"CG31211,Hsp70Aa,Hsp70Ab,CG3281,aur,CG12213,CG18347,CG12201,Tango9,CG3532,CG3313,Spt3,CG31358,CG42504,CG42505,ssp5,CG14736,CG14739,CG14740,CG14741,glo,CoVa,CG6950,CG6959,Cad87A,CG34307,CG14731,CG10005,CG18547,CG12224,CG3397,mfas,Tk,Ect3,KLHL18,dpr17,CG4702"	Null	526	106.69627	2.301553058													
18	2L	13200000	13440000	"CG16972,Pect,CG15482,kek4,CG9426,CG5705,Ski6,CG16812,CG15480,CG16813,CG16815,Prosalpha6T,CG15479,CG5867,CG6043,CG6108,Drep-4,CG6116,CG31729,CG16824,CG15639,CG16825,CG16970,CG16826,CG9395,CG9377,Nnp-1,CG6523,Tap42,CG31855,CG9306,CG9305,CG6565,CG9302,beta'C"	Null	19480000	19840000	"CG13079,CG13078,CG13077,spi,msb1l,CG10268,Hakai,CG10262,CG10366,Lar,CG10462,Nf-YB,CG10631,CG10628,CG10463,CG10132,CG10166,CG10137,CG10165,CG33116,CG31697,CG13082,CG13081,ref(2)P,CG10337,TepIV,fbp,bsh,CdGAPr,CG10466,fs(2)ltoPP43,sick,scw,CG13962,CG13958,CG"	Null	532	108.35275	2.295690476													
19	3L	12720000	13040000	"SmD1,Ptp69D,CG32112,CG32109,Klc,CG10984,CG10973,CG32113,Hip1,CG32106,CG10969,CG17666,Atg1,CG42709,Sap130,CG32110,CG10754,CG42588,CG10960,CG10948,CG11009,Ent3,CG32107,CG10943,CG14120,CG34032,CG14119,CG14118,CG12520,CG32117,CG32115,CG10752,Or69a,CG10748,CG1"	Null	19760000	20480000	"CG42637,Gyc76C,HLH106,CG14102,Ir76a,CG14103,CG15881,CG34116,CG14104,Kap-alpha1,Cyp305a1,cyc,Fibp,Deaf1,trc,CG32221,kto,Papss,Rab8,CG8334,Mi-2,Su(Tpl),CG7757,Mtr3,Rpn1,Su(z)12,CG7770,Grasp65,CG8004,RhoGDI,Ac76E,CG32219,CG34258,CG33710,CG42655,CG42654,CG422"	Null	1947	405.58603	2.263173018													
22	2L	840000	1040000	"drongo,CG4291,kraken,CG13949,CG13950,aru,dbe,PNUTS,ninaA,CG15824,Lsp1beta,GluRIIC,CG4341,IA-2,CG4375,CG4415"	Null	2560000	2760000	"Cyp309a1,Cyp309a2,Rad1,CG34314,CG3227,CG9883,CG3214,p16-ARC,Drp1,CG15394,CG15395,CG31689,Hrs,CG9961,Cwc25,Pgk,CG9894,CG9960,snapin,Trn-SR,CG9962,CG33125,Prosbeta4R1,Or23a,Prosbeta4R2,CG9879,Gr23a,CG31690,CG15398"	Null	1181	248.2536	2.250122421													
23	2L	6320000	6480000	"Ddr,Gef26,Pez,Cpr,CG9497,CG9498,ppk7,ppk14,CG9500,CG9505,slam,CG42368,CG9507,CG42370,CG42369,CG13982,Tig,l(2)k11101,CG9527,retm,frj,CG16947,CG9531,mmy,CG9536,Sec61alpha"	Null	9320000	9600000	"CG17005,Cks30A,Eaat1,CG3748,CG43350,CG13110,CG34181,Shawl,Aldh,CG4438,CG3759,Fbp2,CG42847,FucTB,scat,CG3769,RpS28-like,numb,CG33723,Gdi,CG33298,Oatp30B,CG31883,CG17855,Cpr30B,CG13113,CG13114,jp,CG3838,CG4389,CG31709,gcm,CG3841,CG4382"	Null	632	133.1394	2.246986987													
26	3L	4600000	4840000	"Src64B,CG32246,Rpd3,axo,CG13716,CG32238,CG32236,CG34266,CG7514,CG18418,Gef64C,CG15876,CG13713,CG13712,CG12493,CG13711,CG7509,CG18808,Dhc64C,Aats-leu,CG13708,CG13707"	Null	6920000	7120000	"mp,CG17744,CG8641,CG14823,CG32391,CG34030,Cpr65Ea,Cpr65Eb,Cpr65Ec,form3,msl-3,BBS1,CG10064,Mis12,CG9953,CG10063,G-ialpha65A,CG32388,bin,CG14820,tow,CG10077,CG9948,CG10075,Surf1,sgl"	Null	750	163.09108	2.201212717													
27	3L	11160000	11400000	"wls,CG7616,CG14142,GlcAT-P,Plod,CG7607,CG14141,Ube3a,CG7600,CG42671,Ir68a,scyl,CG6175,CG7573,CG6168,CG6163,CG42755,CG11726"	Null	11360000	11600000	"CG33267,CG33490,CG33489,CG33271,CG33270,CG43390,CG43391,CG33269,CG32086,rt,CG7377,CG33268,CG7368,CG14137,CG6091,CG42755,CG11726,CG7560,CG6149,CG7557,CG12289,CG7551,CG6140,Vha16-3,Vha16-2,chrb,CG33500,Sgs8,Sgs7,CG33272,Sgs3,CG7512,Fuca,CG11714,Mob2,CG7394"	Null	3417	766.1609	2.157010941													
29	3L	7480000	7760000	"mthl6,Cyp316a1,Cyp4d8,CG8539,CG7548,CG7546,ltl,lqf,CG16998,CG32374,CG32376,CG14837,CG7526,CG14838,CG7716,CG33275,CG33276,CG7506,CG32373,PGRP-SD,CG7492,Ank2,CG12262,CG7457,CG8492,Snmp2,CG13685,CG7409,Hn,Clk"	Null	17160000	17440000	"blot,sec3,CG7630,CG33051,CG33052,CG32174,frc,CG32176,CG12229,CG18265,CG6497,CG13723,Cad74A,CG13728,CG13731,noe,Rbp6,CG6512,CG7707,CG6485,CG13724,CG13725,Or74a,CG6479,CG13727,CG16793,Mip,CG7692,tap"	Null	375	84.96801	2.141898914													
35	2L	1920000	2040000	"CG7337,CG15357,CG33673,erm,Der-1,CG15356,CG15362,CG7289,Got2,Npc2a,Obp22a,CG33543,CG15353,Nplp4,CG4238,CG42296,lectin-22C,Su(dx)"	Null	4720000	4840000	"Clect27,CG15629,CG3225,CG15628,CG2976,Ir25a,CG15626,CG12194,CG34351,CG15631,CG15630,CG42523,CG3294"	Null	307	73.14229	2.069460954													
39	2L	19560000	19680000	"CG13079,CG13078,CG13077,spi,msb1l,CG10268,Hakai,CG10262,CG10366,Lar"	Null	20080000	20280000	"neb,CG42849,fok,CG10747,CG10721,Taf13,nesd,mRpS18B,Kua,CG13970,CG40341,CG40172,CG17571,CG17570"	Null	484	117.21183	2.045888862													
43	X	800000	920000	"CG14632,CG3711,MED22,CG3708,CG3706,CG32815,TRAM,CG3704,mus81,CG3703,CG3699,CG3690,CG18823,TfIIA-S-2,CG14631,su(w[a]),CG11638,CG32814"	Null	16280000	16440000	"CG4239,TH1,mei-41,CG9981,CG4301,Traf-like,Anxb11,hang,CG9947,rngo,eIF-2alpha,CG34015,Rbp2,para,CG9906,CG9903,CG9902"	Null	89	22.25191	1.99987616													
49	3L	18640000	18760000	"MYPT-75D,CG42495,Capr,GNBP2,GNBP1,CG34254,Sgf11,CG32202,Chmp1,Cyp12c1,CG6893,Dic4,CG12477,CG6885,MED11,Nufip,Aut1,ftz-f1"	Null	19920000	20080000	"Ac76E,CG14182,CG17732,hale,schuy,Csas,fln,CG7646,Nca,CG7433,Tom20,CG7668,kug,CG14183,CG14184,CG8004,RhoGDI,CG32219,CG34258,CG33710,CG42655,CG42654,CG42263,sNPF-R"	Null	369	95.11525	1.955872242													
66	2L	13200000	13320000	"CG16972,Pect,CG15482,kek4,CG9426,CG5705,Ski6,CG16812,CG15480,CG16813,CG16815,Prosalpha6T,CG15479,CG5867,CG5945,CG16820,CG31728,CG31851,CG31730,CG6043,CG31848,CG6108,Drep-4,CG6116,CG31729,CG16824,CG15639,CG16825,CG16970"	Null	20640000	20760000	"CG9316,CG9317,CG9318,Fs(2)Ket,CG9319,ns4,CG9323,dia,CG1962,CG2617,Hr38,CG31680,Sfp38D,CG17470,phr6-4,CG2608,CG18810,CG2611,bru,CG2614,CG31678,ik2"	Null	55	14.80507	1.893340307													
84	3R	24560000	24640000	"htt,AR-2,CG10000,CG9997,CG14061,CG34295,CG12558,CheB98a,wdn,CG1646"	Null	25160000	25280000	Ptp99A	Null	413	114.7199	1.84802611													
88	X	3800000	3840000	"CG42541,CG2938,CG2941,CG32786,CG32783"	Null	4680000	4800000	"CG2861,CG42594,CG12681"	Null	50	14.07113	1.829189904													
91	3L	840000	960000	"CG13902,Gr61a,CG13889,CG13890,dpr20,CG12502,CG32479,CG13907,Glut1"	Null	1880000	2040000	"CG13937,Aprt,Tmhs,CG1887,Dbx,CG5687,Mfap1,mu2,CG5690,CG42863,CG1140,CG1927,CG11815,CG1139,CG42841,CG42357,CG42356,CG34259,CG42355"	Null	268	75.8977	1.820104929													
101	X	720000	920000	"CG42248,CG14635,CG3713,CG14634,CG11664,CG14632,CG11663,CG3711,MED22,CG3708,CG3706,CG32815,TRAM,CG3704,mus81,CG3703,CG18823,TfIIA-S-2,CG14631,su(w[a]),CG11638,CG32814"	Null	4640000	4680000	"CG15472,Bteb2,CG2871,CG15471,CG6978"	Null	56	16.14066	1.794727255													
130	2L	16800000	16920000	"Ugt36Bc,CG13280,CG13272,mdy,Cas,CG31739,CG13282,CG13283,CG13284,CG31810,CG31809,CG6012,CG31781,CG32832,CG31743,CG34313,CG6115,tweek,CG42556,CG31805,CG12288,ApepP"	Null	17320000	17520000	"dl,CG5050,CG6639,CG18563,BicD,Sgt,Aac11,fws,CLIP-190,Rpb11,CG15141,CG31803,Dif,CG5043,CG33928,CG5110,CG6453,CG5131,CG43221,CG43220,qua,CG15142,CG6412,Dhc36C,CG31804,Lrch"	Null	391	117.2654	1.737391209													
134	3L	18080000	18120000	"CG34253,CG13698,mRpS26,CG5147,mus304,CG32195,CG7341,CG42853"	Null	18640000	18680000	"MYPT-75D,CG42495,Capr,GNBP2,GNBP1,CG34254,Sgf11,CG32202,Chmp1,Cyp12c1"	Null	85	25.5924	1.731747395													
139	3L	12760000	12840000	"CG32113,Hip1,CG32106,CG10969,CG17666,Atg1,CG42709,Sap130,CG32110,CG10754,CG42588,CG10960,CG10948"	Null	15520000	15600000	"CG42729,CG42728,obst-H,CG43248,CrebA,AGO2,CG7739,CG7427,CG6498,CG16979,mrn,CG12301,CG12304,CG7656,RhoGAP71E"	Null	74	22.3439	1.727644249													
140	2L	1760000	1840000	"Gr22e,Gr22c,Gr22b,Gr22a,CG31933,CG31664,c-cup,wry"	Null	4480000	4800000	"dp,CG11929,Bsg25A,CG15634,CG3251,CG34351,Taf12L,CG15631,CG15630,CG42523,CG3294,Clect27"	Null	125	37.76877	1.726662389													
141	2L	16840000	16880000	"CG13284,CG31810,CG31809,CG6012,CG31781,CG32832,CG31743,CG34313"	Null	18440000	18560000	"RpS26,ncm,bsf,Ntf-2r,CG10283,CG10211,Pde11"	Null	53	16.02555	1.725618488													
152	3L	12720000	12840000	"SmD1,Ptp69D,CG32112,CG32109,Klc,CG10984,CG10973,CG32113,Hip1,CG32106,CG10969,CG17666,Atg1,CG42709,Sap130,CG32110,CG10754,CG42588,CG10960,CG10948"	Null	20760000	20840000	"CG4074,CG4186,CG4042,Pitslre,pex16,CG4289,CG11399,CG11396,Six4,CG3698,CG4365,Spc105R,CG3634,CG3680,CG3618,Pka-R1,Mst77F,CG3288,CG13255,CSN3,CG11456,CG32432"	Null	53	16.20738	1.709341468													
160	3R	19240000	19400000	"CG4374,Ir94f,Ir94g,Ir94h,CG34289,Irk2,CG10177,CG10175,CG10170,CG16732,CG10168,CG10164,beat-IV"	Null	27320000	27400000	"mey,nyo,gammaCop"	Null	71	21.9599	1.69294754													
173	X	10280000	10320000	"flw,CG32683,RabX2"	Null	11040000	11160000	"ran,CG1908,rtv,Dlic,CG32668,antdh,CG1394,CG15200,CG11106,CG42683,CG15198"	Null	72	22.58202	1.672822363													
182	3R	1520000	1680000	"plx,cas,CG1239,CG2100,CG1236,Sym,Madm,CG2091,sec8,CG2082,CG42675,Hpr1,CG2023,dgrn,glob3,CG1208,CG1213,CG14676,disp,CG34287"	Null	3640000	3720000	"CG34384,CG17816,CG10092,mRpS9,wtrw"	Null	114	35.91151	1.666515603													
183	2R	4080000	4240000	"CG14756,LRP1,CG34217,dpn,pnut,CG14760,CG30369,CG14759,CG2291,CG12126,CG30376,CG30375,CG30371,pdm3"	Null	11120000	11160000	"Fs,scb,alphaPS4,trpm"	Null	57	17.96629	1.665669393													
207	3R	320000	440000	"CG34357,CG34425,CG31526,CG32945,5-HT2"	Null	3360000	3560000	"CG34127,Nlg1,CG2616,alpha-Est5,alpha-Est4,alpha-Est3,alpha-Est2,alpha-Est1"	Null	117	38.02466	1.621501277													
212	2R	4840000	4920000	"babo,CG8216,CG8213,CG34350,CG8172,CG13744,CG13747,CG8170"	Null	7800000	7840000	"CG13183,CG13188"	Null	62	20.27729	1.612403362													
228	3R	19240000	19320000	"CG4374,Ir94f,Ir94g,Ir94h"	Null	25080000	25120000	stg	Null	76	25.4601	1.577761333													
234	3R	23160000	23200000	CG42534	Null	24080000	24120000	"CG43125,CG43124,CG34436,CG34437,Mst98Ca,Mst98Cb,CG17856"	Null	53	17.8347	1.571305411													
241	3R	23600000	23680000	"CG34353,Or98a"	Null	24280000	24320000	"beat-VI,CG1894,Dhc98D"	Null	188	63.6572	1.562337056													
243	2L	17440000	17480000	"dl,CG5050,CG6639,CG18563,BicD,Sgt,Aac11,fws"	Null	18480000	18520000	"CG10283,CG10176,kon,CG10178,CG10211"	Null	51	17.2985	1.559850304													
245	2L	15720000	15760000	"CycE,l(2)35Di,l(2)35Df,Gli"	Null	16240000	16280000	"CG42817,CG42818,PRL-1,EndoGI,twe,CG4935,crp"	Null	83	28.2014	1.557344552													
1	3R	17480000	17600000	"E2f,CG6353,CG15497,DNApol-alpha180,CG31176,Sfp93F,CG42869,CG42870,CG34034,CG5849,CG31343,CG31233,CG31198,CG42335,burs,GABA-B-R2"	Null	3840000	3880000	"Pbp95,CG2747,ImpE3,CG10903,CG11035,unc-45,CG43060,CG43061"	Active	76	5.55605	3.773867931													
5	X	520000	1200000	"CG17829,RpL36,l(1)1Bi,Dredd,su(s),CG13367,Roc1a,Hmt4-20,skpA,sdk,CG13362,CG13361,CG5254,CG5273,RpL22,fz3,tw,CG13360,CG16989,Rbf,CG13359,CG13358,Sec22,CG42248,CG14635,CG3713,CG14634,CG11664,CG14632,CG11663,CG3711,MED22,CG3708,CG3706,CG32815,TRAM,CG3704,mus"	Null	15640000	16240000	"Gapdh2,CG16952,tay,MSBP,CG15916,shi,CycD,CG8909,CG8916,Lcch3,Ranbp16,Stim,CG8924,CG8928,CG9172,eIF5,exd,CG8939,vap,CG12698,Muc14A,dpr18,Nipsnap,Tob,CG8958,CG42354,CG42353,mmd,Or13a,CG42766,CG9170,CG8931,disco-r,disco,CG12507,kat80,Mfe2,Pros28.1,eas,CG3257"	Active	1748	288.148637	2.600820084													
8	2R	17840000	18120000	"CG34370,CG9308,PpD5,CG13500,CG13501,Snp,CG11475,CG11474,CG13488,CG13494,CG34369,CG34029,CG9304,Gr58c,Gr58b,Gr58a,CG30401,CG2921,GlcT-1,synj,CG13502,CG43393,CG11073,CG6613,Vrp1,a,CG34206,CG3045,CG6758,CG11170,CG30279,CG11275,MED16,Vps35,CG3074,CG3292,CG329"	Null	4480000	4640000	"CG43183,CG8736,CG8735,rgr,CG8642,Cirl,Vps25,beta3GalTII,CG14749,CG8635,ptc,Acsl,CG30354,CG30355,Jon44E,CG8586,CG8738,CG8584,CG12376,CG14744,PGRP-SC1a,CG14743,PGRP-SC1b,PGRP-SC2,CG14767,CG30357,gcl,CG30356,stmA,CG8740,CG42615"	Active	308	54.84081	2.489608566													
25	X	6400000	6440000	"CG42340,CG3918,CG3342,Spat,RpL7A,dx,CG34417"	Null	6240000	6280000	"CG3847,CG3446,kdn,swa,Marf,PpV,CG33664"	Active	341	72.6735	2.230270445													
30	3R	3560000	3680000	"CG43254,pyd3,CG10919,Sp7,CG11286,CG34384"	Null	1240000	1280000	"CG14669,CG12147"	Active	50	11.36396	2.137462436													
41	3R	3040000	4000000	"alpha-Est9,CG1287,alpha-Est8,Ubc84D,alpha-Est7,alpha-Est6,Rtnl2,alphaTub84D,alpha-Est5,Nlg1,CG43254,pyd3,CG10919,Sp7,CG11286,CG18747,CG18745,CG18748,CG18746,CG10086,CG2641,CG18744,CG3014,CG18268,CG2993,CG31472,CG31473,CG34384,CG17816,CG10092,mRpS9,wtrw,CG"	Null	0	280000	"CG12581,Dsk,CG12582,CG14636,aux,CG31516,DhpD,CG14641,abs,Gel,CG14642,CG34305,TwdlF,TwdlG,CG14644,TwdlV,Or82a,CG1092,CG9766,cpx,CG9780,MP1,vps24,CG9791,Syt14,CG9795,CG9776,CG14645,CG9772,CG1103,hkb,CG1090,CG11739,Cont,tub,CG14646,CG34112,CG9855,CG9853,CG14"	Active	1496	368.48718	2.021423843													
47	X	9280000	9440000	"Megalin,CG32700,CG34028,CG34026"	Null	10800000	10920000	"CG15207,CG11203,v,CG2145,Myo10A,CG42339"	Active	62	15.86326	1.966578931													
53	3L	13960000	14040000	"ssp2,Nxf3,CG13738,Hsc70-1,CG17364,CG17362,CG9040,26-29-p,CG17361,CG17359,CG8783,CG9007,ptip,endos,CG6650,CG6661,Hsc70Cb,blue"	Null	8320000	8440000	"CG34461,CG34462,Cpr66Cb,pex2,DNApol-alpha50,CG7083,CG7182,CG7112,CG17352,Idh,ImpE1,Jon66Ci,Jon66Cii,CG7120,mkg-p,CG33057,CG13667,Oseg1,exo70,mtrm,CG32354,Cbl,Unr,CG6983"	Active	80	20.96596	1.931951109													
77	3L	12720000	12840000	"SmD1,Ptp69D,CG32112,CG32109,Klc,CG10984,CG10973,CG32113,Hip1,CG32106,CG10969,CG17666,Atg1,CG42709,Sap130,CG32110,CG10754,CG42588,CG10960,CG10948"	Null	14000000	14040000	"CG9007,ptip,endos,CG6650,CG6661,Hsc70Cb,blue"	Active	203	55.8435	1.862018457													
85	3L	15480000	15560000	"CG12355,CG13455,CG7276,CG7275,CG7272,CG7857,CG7841,Z600,gdl,gdl-ORF39,Eip71CD,CG13454,mex1,yellow-k,CG7945,CG33986,CG33985,CG42729,CG42728,obst-H,CG43248,CrebA,AGO2,CG7739,CG7427,CG6498"	Null	15120000	15160000	"Cep135,CG13457,CG12316,Pdi,CG32147,CG6859,FucTA,Msh6,Prp31,CG7011,CG6878"	Active	284	79.6121	1.834831306													
94	X	14200000	14440000	"dpr8,betaNACtes3,betaNACtes4,betaNACtes2,betaNACtes6,CG9411,CG12540"	Null	10880000	10960000	"CG42339,CG11160,CG1552,CG1545,CG1537"	Active	81	23.05895	1.812595087													
95	3L	12720000	12800000	"SmD1,Ptp69D,CG32112,CG32109,Klc,CG10984,CG10973,CG32113,Hip1,CG32106,CG10969,CG17666,Atg1,CG42709,Sap130"	Null	16080000	16120000	"Taspase1,CG5235,ClC-c,CG13074,CG5389,CG5414,CG5222,CG43295,Zn72D,Taf4,CG12272,Pgm"	Active	84	24.0387	1.80503045													
98	2L	16880000	16920000	"CG31743,CG34313,CG6115,tweek,CG42556,CG31805,CG12288,ApepP"	Null	18120000	18160000	"CG5758,CG31785,kel,Socs36E,CG17681,CG15155,CG5783,CG7200"	Active	70	20.1111	1.799362928													
109	X	13320000	13440000	"CG32635,CG15753,CG15754,CG15756,Cpr12A,CG34324"	Null	10840000	10920000	"Myo10A,Rab9Fa,Rab9Fb,CG16922,C901,CG42339"	Active	56	16.37014	1.774360167													
114	X	12200000	12520000	"CG32651,CG2574,CG32652,Pkcdelta,CG15927,CG15731,Rab40,CG42258,CG2556,CG42251,Ten-a,CG2577,Ir11a,Cpr11B,CG15729,CG11138,LIMK1,Cpr11A,Lsp1alpha,CG15730,CG1824,Sec16,CG1463,CG2543,CG11085,CG15728"	Null	11800000	11960000	"CG43156,pot,Sclp,CG10362,cac,gd,tsg,CG18130,fw,CG1806,CG1492,regucalcin,Chrac-16,CG15735,Tango4,Usp7,Cyp311a1,Cyp318a1,CG1950,Muc11A"	Active	1078	315.888	1.77087214													
118	3L	12720000	12800000	"SmD1,Ptp69D,CG32112,CG32109,Klc,CG10984,CG10973,CG32113,Hip1,CG32106,CG10969,CG17666,Atg1,CG42709,Sap130"	Null	12480000	12520000	"CG10660,CG10657,CG10638,CG10681,CG10646,vih,CG10654,sti,tral,Pcaf,ver,eIF-2beta"	Active	423	125.0089	1.758626852													
133	2R	16160000	16240000	"CG10444,CG11788,CG9143,CG9090,CG16868,CG34199,Cpr56F,CkIIbeta2,CG11200,CG8920,CG13868,CG13871,MED8,CG8929,CG16739,CG13870,CG16741"	Null	16440000	16520000	"bl,Hil,CG9945,CG11180,CG16742,Rcd6,lms,Mgat1,CG43308,qsm,Nnf1a"	Active	399	120.1305	1.731786262													
144	3R	600000	680000	"atms,CG14655,CG17387,CG42574,Hus1-like,CG1129,CG1126,CG14657,CG14658,CG14659,opa"	Null	2920000	2960000	"e(y)2b,Alh,Mlp84B,CG10098,CG10068,CG31248,CG31493"	Active	79	23.9757	1.720279716													
154	X	13160000	13320000	"HDAC4,CG15743,CG15744,CG1764,CG1622,CG15745,Syt12,dmrt11E,CG1640,Rbp1-like,Tim9a,Yippee,CG1662,CG1673,CG12725,CG1681,CG1998,Set2"	Null	18720000	18760000	"CG42450,CG7101,Pvf1,CG34422,CG7280,CG7322,CG7288,CG32544,CG7326,CG34401"	Active	53	16.2844	1.702501795													
156	X	19720000	19760000	"pico,CG11943,CG15618"	Null	20280000	20320000	"HERC2,CG15459,CG15458,Obp19a,Obp19b,Obp19c,Pbprp2,Pp4-19C,cactin,CG15456,CG11710,mal,CG1695,CG42578"	Active	73	22.4496	1.701206724													
157	X	12840000	12960000	"CG15719,CG2209,fne,CG4395,CG32642,Mur11Da,CG15721,CG43152,CG12716,CG32643,rad,CG42629,CG12715"	Null	10840000	10920000	"Myo10A,Rab9Fa,Rab9Fb,CG16922,C901,CG42339"	Active	57	17.55587	1.699008427													
158	2L	17360000	17520000	"CG31804,Lrch,CLIP-190,dl,CG5050,CG6639,CG18563,BicD,Sgt,Aac11,fws,CG5110,CG6453,CG5131,CG43221,CG43220,qua,CG15142,CG6412,Dhc36C"	Null	18120000	18160000	"CG5758,CG31785,kel,Socs36E,CG17681,CG15155,CG5783,CG7200"	Active	266	82.2361	1.693582493													
159	X	8200000	8280000	"nAcRalpha-7E,CG15344,CG1387"	Null	10840000	10960000	"CG42339,CG11160,CG1552,CG1545,CG1537,Myo10A,Rab9Fa,Rab9Fb,CG16922,C901"	Active	52	16.07922	1.6933142													
176	3R	7800000	7840000	"Tango9,CG10005,CG18547,CG12224,CG3397,mfas,Tk,Ect3,KLHL18,CG3532"	Null	8200000	8240000	"GstD4,GstD5,GstD6,GstD7,GstD8,CG10035,CG17639,CG34402,CG33098,CG10096,CG10097,lig3,Cyp9f2,CG5167,CG5196,Dip-C,pps"	Active	151	47.4651	1.669609522													
180	3L	6120000	6200000	"l(3)mbn,Lcp65Ag3,Cpr65Au,Lcp65Ag2,Lcp65Ag1,Lcp65Af,Lcp65Ae,Cpr65Av,Cpr65Aw,Lcp65Ad,Lcp65Ac,Lcp65Ab2,Cpr65Ax1,Lcp65Ab1,Cpr65Ax2,Lcp65Aa,Acp65Aa,CG13297,Cpr65Ay,Cpr65Az,CG13296,CG10289,CG7376,CG10274,D19B,CG43293,D19A,CG7386,CG13298,Trn,CG8219,LanA"	Null	8360000	8440000	"ImpE1,Jon66Ci,Jon66Cii,CG7120,mkg-p,CG33057,CG13667,Oseg1,exo70,mtrm,CG32354,Cbl,Unr,CG6983"	Active	72	22.66127	1.667768191													
181	3R	5640000	5680000	"eloF,CG16904,CG9459,CG9458,CG42857,CG34302,Teh1"	Null	5880000	5920000	"Npc2d,Npc2c,CG33630,CG33631,CG33783,CG33784,nerfin-2,CG5361"	Active	98	30.8669	1.666721151													
184	3R	8720000	8760000	"CG10909,beat-Vb"	Null	8360000	8400000	"Octbeta3R,Octbeta2R"	Active	62	19.571	1.663550742													
185	2L	80000	240000	"net,CG11376,CG11377,Nhe1,Sam-S,CG11455,CG13694,CG4822,spen,mRpL10,CG11617,CG11490,kis,CG13693"	Null	8040000	8080000	"CG7429,RpL36A,CG7466,poe,MED20,Trf,Mcr"	Active	66	20.86018	1.661714418													
187	3L	12720000	12800000	"SmD1,Ptp69D,CG32112,CG32109,Klc,CG10984,CG10973,CG32113,Hip1,CG32106,CG10969,CG17666,Atg1,CG42709,Sap130"	Null	8400000	8520000	"CG13667,Oseg1,exo70,mtrm,CG32354,Cbl,Unr,CG6983,Gug,CG43163,ZC3H3,CG6745,CG6765,CG6683,CG6776,se,CG6673,CG6662,foi"	Active	74	23.45688	1.657514138													
192	2L	2200000	2240000	"CG31668,CG33124,CG15385,Uch,CG34174,CG10880,CG15386,CG42371,mio,CG7082,CG15387,l(2)s5379,gho,CG31679,CG32463,CG31682"	Null	800000	840000	"Nnf1b,KH1,Saf6,pex12,CG15880,CG3876,Clp,CG3662,CG3862,dock,drongo"	Active	57	18.2075	1.646429074													
204	3R	20360000	20480000	"ana1,CG5789,Esyt2,CG13624,mld,Syx18,atl,Wsck,CG43222,CG5794,ash2,CG31125"	Null	20120000	20160000	"CG5715,crb,CG5720,BRWD3,CG5728,Dis3"	Active	400	129.8149	1.623544016													
206	3R	2120000	2200000	"Osi14,Osi15,Osi16,CG31556,CG31560,Osi17,Osi18,Osi19,Osi20,CG17917,CG10298,CG17919,SmD2,CG18048,Hr83,Pak,CG42724,CG10286,CG1041"	Null	0	160000	"CG12581,Dsk,CG12582,CG14636,aux,CG31516,DhpD,CG14641,abs,Gel,CG14642,CG34305,TwdlF,TwdlG,CG14644,TwdlV,Or82a,CG1092,CG9766,cpx,CG9780,MP1,vps24,CG9791,Syt14,CG9795,CG9776"	Active	124	40.27507	1.622381119													
211	X	15200000	15360000	"gce,Top1,dah,CG9114,HDAC6,CG9123,CG12608,CG6227,acj6,Pp1-13C,CG9164,cngl,Scamp,Ahcy13,CG11655,shtd,CG6299,CG6294"	Null	19400000	19440000	"CG14200,Pfrx,l(1)G0156,CoRest,CG12231,CG32532"	Active	51	16.66842	1.613379889													
214	3L	8080000	8200000	"Ect4,CG7565,fan,CG7927,Arp66B,msk,ldbr,CG7550,mRpL36,Uba2,RecQ4,Nmt,mthl7,CG7979,ERR,Atg18,MED24,CG7387,CG7375,CG8005,CG7366,CG13679"	Null	5760000	5800000	"Txl,Ppat-Dpck,scny,vito,Myt1,PGRP-LD,Pmi,Cralbp,Bre1,Tektin-C,S6k,CG42272"	Active	85	27.853	1.609630115													
230	X	5720000	5840000	"CG15765,CG12729,CG43136,CG43137,CG15764,CG3033,mof,CG3016,CG16721,Act5C,CG4020,CG12236,CG3011,CG3726,CG12728,CG32756"	Null	7800000	7920000	"sn,Tbh,CG15333,CG42593,l(1)G0193,CG15332,CG15330,sws,dpr14,CG1444,snz,hdm,Ykt6,CG10777,CG10778,RpS14a,RpS14b"	Active	55	18.47984	1.573479353													
231	3L	21920000	21960000	"mub,CG7442,DNApol-eta,CG14562,CG7448,CG7458,CS-2"	Null	22720000	22760000	"CG14450,CG11367,CG32454,CG11241,l(3)04053,CG7369,SPoCk"	Active	51	17.1371	1.573374255													
239	3R	2440000	2480000	"sowi,CG15177,sunz,CG31286,CG1315,Taf1"	Null	1640000	1680000	"CG42675,Hpr1,CG2023,dgrn,glob3,CG1208,CG1213,CG14676,disp,CG34287"	Active	64	21.6258	1.565318402													
246	3L	6160000	6200000	"CG10289,CG7376,CG10274,D19B,CG43293,D19A,CG7386,CG13298,Trn,CG8219,LanA"	Null	7320000	7360000	"CG8602,mus312,CG42307,CG8600,eco,lark,CG8596,CG14834,Srp19,qm,CTCF,pst,sec63,Sh3beta"	Active	56	19.043	1.556166051													
253	3L	20280000	20320000	"gogo,CG6480,CG32226,CG6597,CG32225,polo,Snap,Spn77Ba,Spn77Bb,CG6434"	Null	22720000	22800000	"CG14450,CG11367,CG32454,CG11241,l(3)04053,CG7369,SPoCk,CG14448,jim"	Active	52	17.88155	1.540039826													
254	3R	7560000	7600000	"CG14721,mus309,CG14722,CG6923,CG43062,Lk6,l(3)neo38"	Null	6680000	6720000	"CG6567,CG4511,CG4570,CG14694,CG6574,SelR,Tsp86D,Fdh,CG4596,Sodh-2,CG14695,Tpc1,CG14696,CG4674,Adk3,CG6621"	Active	58	19.9738	1.53794407													
256	X	6480000	6640000	"CG14441,CG3168,RpL17,CG34417,CG17717,Pat1,Apc7,pigs,Ctr1A,CG3198,Mcm6,CG3192,l(1)G0255,CG4095,Pink1,CG3184,CG14442,CG14440"	Null	1960000	2040000	"CG14054,CG4199,CG4194,CG4061,CG4045,CG4025,CG16903,Unc-76,csw,ph-d,ph-p,CG3835,Pgd"	Active	53	18.38564	1.527412962													
259	3L	8120000	8200000	"Uba2,CdsA,CG7504,mus301,CG13676,CG42445,CG13675,RecQ4,Nmt,mthl7,CG7979,ERR,Atg18,MED24,CG7387,CG7375,CG8005,CG7366,CG13679"	Null	12120000	12160000	"Ir68b,CG34241,Lsp2,CG11534,CG5645,Atg12,l(3)neo18,RhoGAP68F,CG5642,Nrx-IV,eap,CG9760,Rh7"	Active	55	19.10734	1.525304669													
261	2R	16160000	16200000	"CG10444,CG11788,CG9143,CG9090,CG16868,CG34199,Cpr56F,CkIIbeta2,CG11200,CG8920,CG13868"	Null	16880000	16920000	"dgt3,Pros29,CG10543,CG30291,grau,CG9346,CG3295,RIC-3,CG9350"	Active	74	25.7219	1.524528057													
21	X	440000	1240000	"Appl,vnd,CG13366,CG13365,mod(r),CG13369,CG13364,CG17829,RpL36,l(1)1Bi,Dredd,su(s),CG13367,Roc1a,Hmt4-20,skpA,sdk,CG13362,CG13361,CG5254,CG5273,RpL22,fz3,tw,CG13360,CG16989,Rbf,CG13359,CG13358,Sec22,CG42248,CG14635,CG3713,CG14634,CG11664,CG14632,CG11663,CG"	Null	17240000	17600000	"CG8557,CG12432,ppk23,l(1)G0222,CG12991,CG8408,CG8326,CG8316,CG5703,CG8289,CG5800,RhoGAPp190,CG8211,beta-Spec,CG12992,X11L,CG12990,chas,CG8188,par-6,B-H1,CG8611,CG12994,CG5613,p-cup,CG8568"	PcG	692	144.6846	2.257860666													
31	2L	6320000	6440000	"Ddr,Gef26,Pez,Cpr,CG9497,CG9498,ppk7,ppk14,CG9500,CG9505,slam,CG42368,CG9507,CG42370,CG42369,CG13982,Tig,l(2)k11101"	Null	8960000	9160000	"CG9525,CG32985,CG32984,CG18088,CG9541,CG13101,CG18662,rost,CG9555,CG17906,alien,CG18661,Try29F,Toll-4,CG31609,Or30a,CG9568,CG13102,Rcd-1r,CG9582,CG31708,CG12439,CG32982"	PcG	428	97.69713	2.13122271													
38	3L	12560000	12880000	"sowah,ara,caup,CG32111,mirr,SmD1,Ptp69D,CG32112,CG32109,Klc,CG10984,CG10973,CG32113,Hip1,CG32106,CG10969,CG17666,Atg1,CG42709,Sap130,CG10948,CG11009,Ent3,CG32107,CG10943,CG14120"	Null	21440000	21640000	"Syx7,croc,Neu2,CG7202,CG7519,Hr78,CG33214,Est-Q,M6,SAK,Cdk12,CG7611,CG32442,Mkrn1,CG33289,Pros54,CG7181,VhaM9.7-b,CG33290,Wnk,CG7173,capaR,CG7634,AP-2,S1P,CG11307,CG7166,CG11306,MED1,ORMDL,CG32444,CG32445,Atox1,CG33291"	PcG	214	51.41797	2.057266238													
40	X	9600000	9680000	"Sp1,CG1354"	Null	17200000	17320000	"B-H2,B-H1,CG8611,CG12994,CG5613"	PcG	74	18.11601	2.03026003													
56	X	15880000	15960000	"CG9172,eIF5,exd,CG8939,vap,CG12698,Muc14A,CG12395,dpr18"	Null	17400000	17560000	"ppk23,l(1)G0222,CG12991,CG8408,CG8326,CG8316,CG5703,CG8289,CG5800,RhoGAPp190,CG8211,beta-Spec,CG8557,CG12432"	PcG	57	15.02869	1.923242659													
75	3R	3120000	3160000	"rn,CG42544,CG10029"	Null	3760000	3800000	dsx	PcG	84	22.9766	1.870223999													
78	X	9560000	9680000	"nej,CG42657,btd,Sp1,CG1354"	Null	8520000	8560000	oc	PcG	96	26.42031	1.861387011													
87	X	9600000	9640000	Sp1	Null	4280000	4400000	"CG32773,bi"	PcG	63	17.72503	1.829563759													
113	X	9560000	9680000	"Sp1,nej,CG42657,btd,CG1354"	Null	5400000	5520000	"CG12730,Vsx2,Vsx1,CG34435,CG34434,RhoGAP5A,Mlc-c,l(1)G0045"	PcG	88	25.77143	1.771730932													
155	2L	4480000	4760000	"dp,BG642163,CG15635,CG3355,CG34351,CG15631,CG15630,HP6"	Null	600000	760000	"CG13689,lectin-21Cb,lectin-21Ca,CG2839,ds,Hsp60B,Eaat2,GABA-B-R3"	PcG	562	172.69642	1.702331954													
190	3L	3080000	3240000	"prominin-like,CG11537,CG1291,CG12082,BtbVII,CG12079,pfk,gry,CG32271,CG33159,CG32277,CG33160,CG32269,CG32270,CG14967,CG12034,RpL28,CG17737,CG11505,CG17746,CG11486,Cht7,CG14955"	Null	1320000	1480000	"Myo61F,CG9184,mtacp1,msd1,msd5,CG2211,l(3)02640,CG2199,Ptp61F,312,ru,CG32320,rho,CG32319,stet,robl62A"	PcG	170	54.1139	1.651463621													
229	2L	2200000	2240000	"CG31668,CG33124,CG15385,Uch,CG34174,CG10880,CG15386,CG42371,mio,CG7082,CG15387,l(2)s5379,gho,CG31679,CG32463,CG31682"	Null	560000	600000	"rempA,CG2789,CG11835,CG2794,Nle,CG2807,Ipk2,cold,Ptth,Pph13,Gsc"	PcG	51	17.0969	1.576762487													
257	X	17120000	17160000	"CG10598,CG10597,f,CG8915,CG42854,CG8675"	Null	17320000	17360000	"CG12994,CG5613,p-cup,CG8568,CG8557"	PcG	108	37.4805	1.526819208													
258	3L	2160000	2240000	"CG15822,CG15879,CG5704,CG15820,CG13810,CG5707,CG8960,CG15878,osm-1,CG9018,ACXD"	Null	1880000	1920000	"CG13937,Aprt,Tmhs,CG1887"	PcG	230	79.903	1.525312285													
264	2L	2200000	2240000	"CG31668,CG33124,CG15385,Uch,CG34174,CG10880,CG15386,CG42371,mio,CG7082,CG15387,l(2)s5379,gho,CG31679,CG32463,CG31682"	Null	2360000	2400000	"Rab5,Axud1,CG3597,CG3609,CG15390,CG9866,CG9867,CG9870,CG3557"	PcG	296	104.201	1.506228053													
2	2L	17160000	17400000	"CG15140,CG6380,CG34170,CG31804,Lrch,CLIP-190,beat-IIIa,CG34106,CG42757,CG34169,Gr36a,Gr36b,Gr36c,Gr36d,beat-IIIc,CG15139"	Null	280000	440000	"smo,CG11601,CG3625,CG11592,CG11562,U2af38,Hop,Pi3K21B,Plc21C,CG11912,CG11911,CG33127,CG31920,CG33992,CG31921,Ent1,al,CG4213,RpI135,alpha-Adaptin,ebi,CG13690,RpLP1,CG11885,CG13692,BBS8,ex"	HP1 / centromeric	165	17.906	3.203951028													
7	2L	19480000	20640000	"CG10195,CG13084,CG13083,CG10194,CG18094,CG10189,swm,Top3alpha,CG10188,CG10186,CG10132,CG10166,CG10137,CG10165,CG33116,CG31697,CG13082,CG13081,ref(2)P,CG10337,TepIV,CG13079,CG13078,CG13077,spi,msb1l,CG10268,Hakai,CG10262,CG10366,Lar,scw,CG10462,Nf-YB,CG106"	Null	21560000	21840000	"Lamp1,nompB,CG2201,Df31,Ac3,CG43144,Cul-2,CG2225,Ef2b,CG31619,step,CG1416,CG31612,CG11630,tsh"	HP1 / centromeric	3860	676.227332	2.513020614													
28	2L	20080000	20280000	"neb,CG42849,fok,CG10747,CG10721,Taf13,nesd,mRpS18B,Kua,CG13970,CG10651,CG40341,CG40172,CG17571,CG17570"	Null	21320000	21400000	"CG42696,dimm,Tsp39D,dtr,Gr39b,CG8665,nrv3"	HP1 / centromeric	180	40.497607	2.15208834													
64	2L	20080000	20280000	"neb,CG42849,fok,CG10747,CG10721,Taf13,nesd,mRpS18B,Kua,CG13970,CG10651,CG40341,CG40172,CG17571,CG17570"	Null	21880000	22240000	"ttm3,CG31703,CG15219,CG10834,CG6675,CG3651,CycK,CG42748,CG34137,Ir40a,CG3262,CG11629,CG1421,CG1428,CG31600,CG11634,CG2528,CG31601,CG34173,CG42597,CG31702"	HP1 / centromeric	430	115.184393	1.900391409													
16	3L	14000000	14040000	"CG9007,ptip,endos,CG6650,CG6661,Hsc70Cb,blue"	Active	14760000	14800000	"CG9384,CG17173,mop,bmm,CG13472,CG9425,NHP2,gnu,CG17839"	Active	119	23.602	2.333980552													
20	3L	14000000	14040000	"CG9007,ptip,endos,CG6650,CG6661,Hsc70Cb,blue"	Active	15560000	15600000	"CG6498,CG16979,mrn,CG12301,CG12304,CG7656,RhoGAP71E"	Active	71	14.8153	2.260731184													
32	X	6080000	6200000	"Ca-alpha1T,CG32750,CG32751,CG43090,vanin-like,Btd,Efr,sqh,CG14446,CG14445,Rbcn-3A,Spx,schlank,CG3781,Spt6,CG3566,Ubi-p5E,Top3beta,wuho,Rpt4,CG15896,CG15892,CG15891,CG3815,CG12219,CG3823"	Active	17520000	17600000	"beta-Spec,CG12990,chas,CG8188,par-6,CG8408,CG8326,CG8316,CG5703,CG8289,CG5800,RhoGAPp190,CG8211"	Active	55	12.65694	2.119502964													
46	3L	160000	320000	"p130CAS,CG7049,Vdup1,CG13875,CG34140,Mkp,Mtch,rno,mri,Gyk,NitFhit,CG13876,CG7028,thoc7,CG16940,Kaz1-ORFB,pyx,CG13877,CG33229,CG42846,CG34454,CG34453,E(bx),mthl14,DIP2,wac,Tudor-SN,mRpL17,CG34263,miple,miple2,CG32845,ttm2,CG42377,RhoGEF3,fwd,CG34264"	Active	3040000	3240000	"pfk,rasp,CG14962,CG32280,CG32278,CG32281,CG14963,CG14964,Girdin,CG42494,CG32284,CG14957,CG42525,CG14958,CG14965,Hsp83,CG14966,CG32276,gry,CG32271,CG33159,CG32277,CG33160,CG32269,CG32270,CG14967,CG12034,RpL28,CG17737,CG11505,CG17746,CG2162,Jafrac2,scramb2,"	Active	520	132.65043	1.970882271													
48	X	15600000	15720000	"CG9281,CG15601,CG8184,CG8191,CG12379,l(1)G0136,Actr13E,CG11679,CG8206,CG8944,mRpS30,Rhp,CG8974,CG32581,CG15602,PGRP-LE,sd,CG8509"	Active	21200000	21240000	"tty,fliI,dod,pen,sol,Sep1,waw,bbx"	Active	51	13.06576	1.964706202													
54	3L	13960000	14080000	"ssp2,Nxf3,CG13738,Hsc70-1,CG17364,CG17362,CG9040,26-29-p,CG17361,CG17359,CG8783,CG9007,ptip,endos,CG6650,CG6661,Hsc70Cb,blue,CG6833,CG13484,CG32138,pex1,btl,CG8100"	Active	19760000	19920000	"CG15881,CG14104,Kap-alpha1,Cyp305a1,cyc,Fibp,Deaf1,trc,CG32221,kto,Papss,CG42637,Gyc76C,HLH106,CG14102,Ir76a,CG14103,CG34116,Rab8,CG8334,Mi-2,Su(Tpl),CG7757,Mtr3,Rpn1,Su(z)12,CG7770,Grasp65"	Active	133	34.85602	1.931946494													
55	X	16480000	16520000	"CanA-14F,CG13014,Cap,crl,CG9784,Nup153,mbt,CG9782,rok"	Active	17520000	17560000	"CG8408,CG8326,CG8316,CG5703,CG8289,CG5800,RhoGAPp190,CG8211,beta-Spec"	Active	52	13.648	1.929822071													
57	X	11720000	11800000	"CG43154,CG15741,Cyp28c1,CG15740,p24-1,CG10347,ATP7,CG2025,CG1847,CG11802,CG15739,CG10352,CG10353,SelG,CG1840,CG15738,wisp,Upf1"	Active	19520000	19640000	"CG14212,e(y)3,Rcd-1,CG12237,Sec61gamma,Arp11,Ranbp21,CG14215,CG14223,CG14216,Zw,et,dome,Ubqn,CG14227,Mer,CG14229,Cdc42,CG14231,CG14232,CG14230,meso18E,CG12531,Bap,CG14234,CG14235,CG18809,CG33932,Rpp20"	Active	84	22.25181	1.916466636													
58	X	19520000	19600000	"CG14212,e(y)3,Rcd-1,CG12237,Sec61gamma,Arp11,Ranbp21,CG14215,CG14223,CG14216,Zw,et,dome,Ubqn,CG14227,Mer,CG14229,Cdc42,CG14231,CG14232,CG14230"	Active	21160000	21240000	"tty,fliI,dod,pen,sol,Sep-01,waw,bbx,CG1494,CG1718,CG1801,Pros45,CG33713,CG33714,l(1)G0269,CG1486"	Active	128	33.9193	1.915965508													
60	X	480000	680000	"vnd,CG13366,CG13365,mod(r),CG13369,CG13364,CG17829,RpL36,l(1)1Bi,Dredd,su(s),CG13367,Roc1a,Hmt4-20,skpA,sdk,CG13362,CG13361,CG5254,CG5273,RpL22,fz3,tw"	Active	16160000	16400000	"CG12507,kat80,Mfe2,Pros28.1,eas,CG32576,CG3560,caz,CG9911,CG3632,CG3679,CG9914,CG9915,CG13957,Cyp1,CG9917,CG32579,CalpC,CG9919,CG9921,Dsp1,sl,U2af50,Gpi1,nonA,Fur2,CG9992,CG4239,hang,CG9947,rngo,eIF-2alpha,CG34015,Rbp2,para"	Active	96	25.58924	1.907497106													
61	3R	120000	280000	"cpx,CG9780,MP1,vps24,CG9791,Syt14,CG9795,CG9776,CG14645,CG9772,CG1103,hkb,CG1090,CG11739,Cont,tub,CG14646,CG34112,CG9855,CG9853,CG14647,growl,CG32944,CG31528,Spargel,CG31525,eIF3-S10,CG1074,CG9804,CG14650,CG31522"	Active	2880000	3000000	"e(y)2b,Alh,Mlp84B,CG10098,CG10068,CG31248,CG31493,Fer1,CG14610,CG2656,gfzf,Sas-4,MAGE,sas,Sodh-1,CG1979,dj,djl,CG1988,CG1105,CG1965,CG1104,CG1943,Aly,Dpck,CG1091,alphaTub84B"	Active	189	50.42721	1.906111922													
63	3L	1480000	1680000	"stet,CG12084,pUf68,Psa,cue,CG12090,Ir62a,CG12091,CG7852,CG32313,Cct1,Cct2,CG12099,pex10,CG7879,CG12003,CG12004,CG13917,Bgb,alphaCop,CG13919,CG17249,Bro,CG13920,CG7967,CG7970,CG7971,CG7974,RpL23A,RabX5,CG13930,CG7991"	Active	3120000	3240000	"gry,CG32271,CG33159,CG32277,CG33160,CG32269,CG32270,CG14967,CG12034,RpL28,CG17737,CG11505,CG17746,prominin-like,CG11537,CG1291,CG12082,BtbVII,CG12079,pfk,rasp,CG14962,CG32280,CG32278,CG32281,CG14963,CG14964,Girdin,CG42494,CG32284,CG14957,CG42525,CG14958,C"	Active	369	98.809	1.900906456													
65	3L	5720000	5800000	"Txl,Ppat-Dpck,scny,vito,Myt1,PGRP-LD,Pmi,Cralbp,Bre1,Tektin-C,S6k,CG42272,sif,DnaJ-1,Ubp64E,CG10576"	Active	15960000	16120000	"CG5931,CG10516,brm,CG17026,CG17029,CG17028,CG17027,Arf72A,DNApol-delta,Hip14,CG5830,mRpS31,mib1,Notum,CG42717,CG42716,CG42538,CG5895,th,Taspase1,CG5235,ClC-c,CG13074,CG5389,CG5414,CG5222,CG43295,Zn72D,Taf4,CG12272,Pgm"	Active	72	19.34236	1.896233075													
67	3L	14760000	14800000	"CG9384,CG17173,mop,bmm,CG13472,CG9425,NHP2,gnu,CG17839"	Active	15560000	15600000	"CG6498,CG16979,mrn,CG12301,CG12304,CG7656,RhoGAP71E"	Active	75	20.2416	1.889567263													
68	2R	4800000	4840000	"Pgi,lin,CG34219,CG8248,CG8247,CG8243,CG8237,CG8235,CG8232,CG13749,FANCI,CG13748,CG8230,CG33199,CG8229,Tom7,babo"	Active	8040000	8080000	"Hen1,CG8407,Prp8,CG13177,CG34232,Oda,SmD3,Cct5,EndoG,CG8860,wash,CG13175,CG33964,SmF,Cyp6g1,Cyp6g2,Cyp6t3,CG8858"	Active	52	14.0544	1.887489759													
69	2L	13800000	13840000	"CAH1,adat,CG16865,CG16888,Sos,b,tam,Sop2,Orc5,DNApol-gamma35,CG33649,RpII33,mRpS23,cenG1A"	Active	16280000	16320000	"crp,pkaap,CG17329,CG13258,Cyp303a1,heix,CG17328,CG5869,c(2)M,CG5861,Syx5,cni,fzy,cact"	Active	58	15.7155	1.883864727													
71	3L	13000000	13040000	"CG11263,CG14117,CG11261,MICAL-like,CG11267,mRpL20,ste14,CG11255,RpS12,CG11253,CG17672,SRm160,RpS4,Syx13"	Active	20280000	20440000	"gogo,CG6480,CG32226,CG6597,CG32225,polo,Snap,Spn77Ba,Spn77Bb,CG6434,Spn77Bc,CG5585,eRF1,CG5618,kin17,CG5665,DNApol-alpha60,Toll-9,CG13248,zye,CG5282,CG5274,CG5262,Las,Psn,mRpL15,CG5872,CG11796,CG5910"	Active	63	17.13001	1.878825835													
72	2L	4960000	5080000	"CG34124,CG34125,Trip1,Scox,CG3756,l(2)05714,CG14043,mRpL28,Gmd,CG3792,CG8891,CG8892,CG34126,Rtnl1,SP555,CG14042,CG31650,CG31919,CG33995,CG9121,eIF-3p40,CG14040,CG14036,His3.3A,CG31918,Rpn11,qtc,RpL37A,pgant5"	Active	10200000	10320000	"Ripalpha,RpL7,CG34159,CG5734,CG5731,CG5727,CG4901,Npc1a,Pros35,CG4908,CG5708,CG5694,eEF1delta,CG31720,me31B,chico,bsk,CG31717,Ror,CG5676,Pten,Rsf1,CG18619,Mob3,CG4953,CG4957,CG31873,trk,Utx,CG34043,CG5604,Hand,CYLD,CG13138,nmd,CG5390,CG4968,Cdk5alpha,CG53"	Active	136	37.0592	1.875703008													
76	3R	5520000	5640000	"CG32939,Unc-115a,trbd,dmt,hyd,FoxP,alphaTub85E,CG12950,Pnn,CG34409,CG31415,CG12948,PpD3,CG16908,Rpt3R,CG8412,CG8417,Snap24,CG8478,MED6,CG8481,CG9471,Whamy,topi,RpS29,CG12947,MtnA,CG8500,CG12945,CG8507,CG8516,CG9467,CG8526,FBX011,CG8534,eloF"	Active	19920000	20120000	"jar,Orct2,Orct,CG13611,CG6356,CG34290,CG6364,CG5715,Tsc1,sec10,Npc2f,kal-1,Slimp,p38c,Mpk2,CG6178,Myo95E,CG6182,mRpS24,Apc2,CG5510,CG13606,twin,CG17786,cav,Spps,CG13609,Spase22-23,Acp95EF,mask,CG5706,4EHP,Syx1A,CG10694,CG18428,CG13605,CG6129,CG13607,CG546"	Active	60	16.42317	1.869229878													
79	3L	14000000	14040000	"CG9007,ptip,endos,CG6650,CG6661,Hsc70Cb,blue"	Active	15960000	16120000	"CG5931,CG10516,brm,CG17026,CG17029,CG17028,CG17027,Arf72A,DNApol-delta,Hip14,CG5830,mRpS31,mib1,th,Mbs,CG33258,CG13075,Taspase1,CG5235,ClC-c,CG13074,CG5389,CG5414,CG5222,CG43295,Zn72D,Taf4,CG12272,Pgm"	Active	155	42.6766	1.860751068													
80	X	1720000	1880000	"CG42666,CG14812,deltaCOP,CG14814,MED18,CG14815,CG14803,Pgam5,Vps26,CG14817,CG14805,CG14818,CG14806,trr,mRpL16,arm,CG32803,CG32801,Edem1,mip130,Rbcn-3B,eIF2B-epsilon,CG3573,CG11596,CG3857,CG3587,CG3600"	Active	17520000	17600000	"CG8408,CG8326,CG8316,CG5703,CG8289,CG5800,RhoGAPp190,CG8211,beta-Spec,CG12990,chas,CG8188,par-6"	Active	59	16.29559	1.856233367													
81	X	11000000	11040000	"CG42249,Hsp60,CG11122,Rpt3,Gtp-bp,Klp10A,CG18292,CG32667,CG15199,CG15202,CG15201,ran"	Active	15600000	15680000	"CG9281,CG15601,CG8184,CG8191,CG12379,l(1)G0136,Actr13E,CG11679,CG8206,CG8944,Tcp-1zeta,CG8239,Graf,CG8260,mRpL3,CG17209,CG8952,CG33172,CG33173,CG8959,Paf-AHalpha"	Active	51	14.09975	1.854827664													
82	2R	4960000	5040000	"ana,CG8083,CG11778,CG13742,Dbp45A,CG8080,CG13741,CG8078,CG8777,Vang,Pmm45A,tsu,Mys45A,Phax,Su(var)2-10,CG11784,CG18659,Hydr1,alc,CG8788,shrb,Prp38,CG30344,CG30345"	Active	19720000	19880000	"kcc,CG2812,Ca-P60A,CG3735,Tal,G-salpha60A,CG13565,CG2970,fzr2,CG3803,thoc5,CG16787,alpha-catenin-related,CG13566,Fmo-1,Alas,CG34213,or,CG10904,CG3065,mr,Gadd34,Sox14,Phm,CG30178,Pask,CG3860,CG5549,shu,usnp,CG5554,ytr,eIF6,gbb,bgcn,wibg,TBPH,CG4585,CG5569,"	Active	66	18.26194	1.853625991													
86	X	11440000	11560000	"Drak,CG1572,PGRP-SA,RpII215,CG11699,Kmn1,CG11697,CG11696,e(y)2,CG11695,nod,CG1561,rho-4,CG2533,CG2247,CG1703,CG15220,Met,Ptp10D"	Active	15560000	15840000	"CG8944,Tcp-1zeta,CG8239,Graf,CG8260,mRpL3,CG17209,CG8952,CG33172,CG33173,CG8959,Paf-AHalpha,shi,CycD,CG8909,CG8916,Lcch3,Ranbp16,Stim,CG8924,CG8928,CG9281,CG15601,CG8184,CG8191,CG12379,l(1)G0136,Actr13E,CG11679,CG8206,mRpS30,Rhp,CG8974,CG32581,CG15602,PGR"	Active	145	40.7729	1.830370422													
89	3L	16040000	16120000	"th,Mbs,CG33258,CG13075,Taspase1,CG5235,ClC-c,CG13074,CG5389,CG5414,CG5222,CG43295,Zn72D,Taf4,CG12272,Pgm"	Active	19800000	19920000	"CG15881,CG14104,Kap-alpha1,Cyp305a1,cyc,Fibp,Deaf1,trc,CG32221,kto,Papss,Rab8,CG8334,Mi-2,Su(Tpl),CG7757,Mtr3,Rpn1,Su(z)12,CG7770,Grasp65"	Active	158	44.49124	1.828331345													
93	3L	16080000	16120000	"Taspase1,CG5235,ClC-c,CG13074,CG5389,CG5414,CG5222,CG43295,Zn72D,Taf4,CG12272,Pgm"	Active	21480000	21560000	"Neu2,CG7202,CG7519,Hr78,CG33214,Est-Q,M6,SAK,Cdk12,CG7611,CG32442,Mkrn1,CG33289,Pros54,CG7181,VhaM9.7-b,CG33290,Wnk,CG7173,capaR,CG7634"	Active	59	16.73611	1.817750715													
96	3L	9360000	9520000	"Klp67A,CG4452,Fdxh,Hsp67Bc,Hsp67Bb,Hsp22,CG4461,Hsp26,Hsp67Ba,Hsp23,Hsp27,CG4080,eIF-4E,Cpr67B,CG4022,CG3689,CG3967,CG3982,aay,Shc,RpS17,MTF-1,CG42526,Bet3,Nf-YA,CG33926,CG3529,CG3448,CG32038,phol,CG3437,CG3552,CG3434,CG32043,CG14180,Uch-L3,Jarid2,pall,CG"	Active	19760000	19920000	"Papss,Rab8,CG8334,Mi-2,Su(Tpl),CG7757,Mtr3,Rpn1,Su(z)12,CG7770,Grasp65,CG42637,Gyc76C,HLH106,CG14102,Ir76a,CG14103,CG15881,CG34116,CG14104,Kap-alpha1,Cyp305a1,cyc,Fibp,Deaf1,trc,CG32221,kto"	Active	79	22.61848	1.804350672													
97	X	11440000	11520000	"Drak,CG1572,PGRP-SA,RpII215,CG11699,Kmn1,CG11697,CG11696,e(y)2,CG11695,nod,CG1561,rho-4,CG2533,CG2247,CG1703,CG15220,Met,Ptp10D"	Active	19520000	19640000	"CG14216,Zw,et,dome,Ubqn,CG14227,Mer,CG14229,Cdc42,CG14231,CG14232,CG14230,CG14212,e(y)3,Rcd-1,CG12237,Sec61gamma,Arp11,Ranbp21,CG14215,CG14223,meso18E,CG12531,Bap,CG14234,CG14235,CG18809,CG33932,Rpp20"	Active	55	15.79268	1.800175603													
99	X	15600000	15920000	"CG9281,CG15601,CG8184,CG8191,CG12379,l(1)G0136,Actr13E,CG11679,CG8206,CG8944,Tcp-1zeta,CG8239,Graf,CG8260,mRpL3,CG17209,CG8952,CG33172,CG33173,CG8959,Paf-AHalpha,mRpS30,Rhp,CG8974,CG32581,CG15602,PGRP-LE,sd,CG8509,Chc,CG32582,CG8565,Aats-arg,CG8578,sun,UB"	Active	19520000	19640000	"CG14212,e(y)3,Rcd-1,CG12237,Sec61gamma,Arp11,Ranbp21,CG14215,CG14223,CG14216,Zw,et,dome,Ubqn,CG14227,Mer,CG14229,Cdc42,CG14231,CG14232,CG14230,meso18E,CG12531,Bap,CG14234,CG14235,CG18809,CG33932,Rpp20"	Active	382	110.04479	1.795481795													
102	X	15600000	15840000	"CG9281,CG15601,CG8184,CG8191,CG12379,l(1)G0136,Actr13E,CG11679,CG8206,CG8944,Tcp-1zeta,CG8239,Graf,CG8260,mRpL3,CG17209,CG8952,CG33172,CG33173,CG8959,Paf-AHalpha,Chc,CG32582,CG8565,Aats-arg,CG8578,sun,UBL3,CG15914,Myb,AlkB,Gbeta13F,Gapdh2,CG16952,tay,MSBP"	Active	17480000	17600000	"CG12991,CG12992,X11L,CG8408,CG8326,CG8316,CG5703,CG8289,CG5800,RhoGAPp190,CG8211,beta-Spec,CG12990,chas,CG8188,par-6"	Active	218	62.93835	1.792316873													
103	2L	6440000	6520000	"CG9527,retm,frj,CG16947,CG9531,mmy,CG9536,Sec61alpha,DLP,CG9542,epsilonCOP,CG9548,CG31638,CG9547,CG9550,CG31637"	Active	10160000	10440000	"Ripalpha,RpL7,CG34159,CG5734,CG5731,CG5727,CG4901,Npc1a,Pros35,CG4908,CG5708,CG5694,eEF1delta,CG31720,me31B,chico,bsk,CG31717,Ror,CG5676,Pten,Rsf1,CG18619,Mob3,CG4953,CG4957,CG31873,trk,Utx,CG34043,CG5604,Hand,CYLD,CG13138,nmd,CG5390,CG4968,Cdk5alpha,CG53"	Active	227	65.84619	1.785520427													
105	2L	13000000	13040000	"CG12404,Vha68-1,Tor,CG9934,A16,CG9932"	Active	13160000	13200000	"Pk34A,CG5204,DnaJ-H,Sir2,Sfmbt,CG5439,CG5287,CG31849,CG5458,CG16974,Edem2,CG16972"	Active	492	142.846	1.784197677													
107	X	11680000	11800000	"Karl,CkIIbeta,Hsc70-3,CG1578,CG43154,CG2025,CG1847,CG11802,CG15739,CG10352,CG10353,SelG,CG1840,CG15738,wisp,Upf1"	Active	12480000	12520000	"LIMK1,CG1824,Sec16,CG1463,CG2543,CG11085,CG15728"	Active	109	31.8234	1.776168249													
108	3L	1320000	1360000	"Myo61F,CG9184,mtacp1,msd1,msd5,CG2211,l(3)02640,CG2199,Ptp61F,312"	Active	1480000	1560000	"stet,CG12084,pUf68,Psa,cue,CG12090,Ir62a,CG12091,CG7852,CG32313,Cct1,Cct2,CG12099,pex10,CG7879"	Active	636	185.8319	1.775028589													
110	3L	15560000	15600000	"CG6498,CG16979,mrn,CG12301,CG12304,CG7656,RhoGAP71E"	Active	19840000	19920000	"Papss,Rab8,CG8334,Mi-2,Su(Tpl),CG7757,Mtr3,Rpn1,Su(z)12,CG7770,Grasp65"	Active	50	14.61749	1.774232491													
111	3R	8800000	8840000	"CG7381,CG7091,Paip2,CG31342,CG14383,yellow-f,yellow-f2,CG7488,CG17327,CG7518,CG8031,CG11656,CtBP"	Active	9480000	9520000	"Rbp4,Hrb87F,B52,Task6,CG9588,lkb1,omd,flfl,CG14367"	Active	107	31.2867	1.773989395													
115	3L	19760000	19920000	"CG42637,Gyc76C,HLH106,CG14102,Ir76a,CG14103,CG15881,CG34116,CG14104,Kap-alpha1,Cyp305a1,cyc,Fibp,Deaf1,trc,CG32221,kto,Papss,Rab8,CG8334,Mi-2,Su(Tpl),CG7757,Mtr3,Rpn1,Su(z)12,CG7770,Grasp65"	Active	21480000	21560000	"CG7611,CG32442,Mkrn1,CG33289,Pros54,CG7181,VhaM9.7-b,CG33290,Wnk,CG7173,capaR,CG7634,Neu2,CG7202,CG7519,Hr78,CG33214,Est-Q,M6,SAK,Cdk12"	Active	273	80.0859	1.769280783													
116	X	6560000	6760000	"Ctr1A,CG3198,Mcm6,CG3192,l(1)G0255,CG4095,Pink1,CG3184,CG14442,CG14440,CG14441,CG3168,RpL17,CG14439,CG14438,COQ7,shf,C3G,pod1,iav,Nf-YC,CG4542,Atx-1,Smg1,CG12796,CG14435,CG4557,Cht11,CG4558,CG14434"	Active	17480000	17560000	"CG12991,CG12992,X11L,CG8408,CG8326,CG8316,CG5703,CG8289,CG5800,RhoGAPp190,CG8211,beta-Spec"	Active	78	22.96844	1.763821251													
120	X	16200000	16360000	"CG3679,CG9914,CG9915,CG13957,Cyp1,CG9917,CG32579,CalpC,CG9919,CG9921,Dsp1,sl,U2af50,Gpi1,nonA,Fur2,CG9992,CG4239,TH1,mei-41,CG9981,CG4301,Traf-like,Anxb11,hang,CG9947,rngo,eIF-2alpha,CG34015,Rbp2,para"	Active	19480000	19640000	"CG14204,CG14219,CG14205,RpS10b,CG14220,CG14207,Tyler,Shawn,CG14210,Tim9b,CG12788,CG14221,CG14222,MKP-4,CG14212,e(y)3,Rcd-1,CG12237,Sec61gamma,Arp11,Ranbp21,CG14215,CG14223,CG14216,Zw,et,dome,Ubqn,CG14227,Mer,CG14229,Cdc42,CG14231,CG14232,CG14230,meso18E,C"	Active	202	59.82811	1.7554599													
121	3R	20640000	20880000	"CG34150,CG5808,Saf-B,niki,CG43166,RabX4,CG31357,CG43273,CG13636,CG33658,Esp,CG7006,nct,CG31121,CG11069,CG13643,CG10845,CG42539,CG31120,CG11168,CG11120,Trf4-2,CG11771,Osbp,ssh,Nmnat,CG13646,tnc,beta4GalT7,CG11781,Hr96,Smg6,CG6422,CG31115,bai,5PtaseI,CG1178"	Active	25640000	25720000	"ca,Vps16B,CG7829,neo,CG31033,CG42592,CG15510,Cad99C,dgt1,CG7824,CG15514,RpS8,CG7816,CG34133,CG31038"	Active	117	34.83153	1.748042779													
122	3L	5760000	5800000	"Txl,Ppat-Dpck,scny,vito,Myt1,PGRP-LD,Pmi,Cralbp,Bre1,Tektin-C,S6k,CG42272"	Active	9360000	9440000	"Klp67A,CG4452,Fdxh,Hsp67Bc,Hsp67Bb,Hsp22,CG4461,Hsp26,Hsp67Ba,Hsp23,Hsp27,CG4080,eIF-4E,Cpr67B,CG4022,CG3689,CG3967,CG3982,aay,Shc,RpS17,MTF-1,CG42526,Bet3,Nf-YA,CG33926,CG3529"	Active	64	19.05366	1.748003755													
123	2L	6000000	6080000	"Tsp26A,Gal,CG9098,H2.0,CG13996,CG9107,CG9109,mtm,CG9117,CG31643,ade2,slmo,CG34179,CG12393,CG9135,CG13995,CG34180,CG9140,CG13994,Fbw5,CG9147,CG9150,CG13993,CG9154,Kr-h2,CG9162"	Active	10240000	10440000	"CG5381,CG4995,RnrL,CG5375,CG5037,GATAd,SamDC,CG31715,Sps2,CG5022,CG34367,CG5367,CG5045,Cand1,me31B,chico,bsk,CG31717,Ror,CG5676,Pten,Rsf1,CG18619,Mob3,CG4953,CG4957,CG31873,trk,Utx,CG34043,CG31716,CG17768,LSm-4,Ir31a,RpS27A,Ip259,CG5355,Klp31E,RfC3,pie,CG"	Active	135	40.2834	1.744702047													
125	2R	17200000	17240000	"CG9485,CG33655,CG30394,dom,CG15666,CG9822,CG17974"	Active	19960000	20000000	"CG3209,Mlp60A,CG10339,CG13564,CG16786,snama,gek,enok,CG4049"	Active	53	15.8243	1.743850677													
126	3L	160000	280000	"p130CAS,CG7049,Vdup1,CG13875,CG34140,Mkp,Mtch,rno,mri,Gyk,NitFhit,CG13876,CG7028,thoc7,CG16940,Kaz1-ORFB,pyx,CG13877,CG33229,CG42846,CG34454,CG34453,E(bx),mthl14,DIP2,wac,Tudor-SN,mRpL17,CG34263,miple,miple2,CG32845,ttm2,CG42377"	Active	1480000	1560000	"stet,CG12084,pUf68,Psa,cue,CG12090,Ir62a,CG12091,CG7852,CG32313,Cct1,Cct2,CG12099,pex10,CG7879"	Active	186	55.5703	1.742916687													
127	2L	13160000	13200000	"Pk34A,CG5204,DnaJ-H,Sir2,Sfmbt,CG5439,CG5287,CG31849,CG5458,CG16974,Edem2,CG16972"	Active	13800000	13840000	"CAH1,adat,CG16865,CG16888,Sos,b,tam,Sop2,Orc5,DNApol-gamma35,CG33649,RpII33,mRpS23,cenG1A"	Active	138	41.2624	1.741768625													
128	X	20320000	20400000	"CG32506,CG1702,RhoGAP19D,CG15461,CG1812,Tak1,CG42579"	Active	20880000	20920000	"r-cup,CG1532,CG1529,Ntf-2,CG15449,Mgstl,CG1753"	Active	120	35.8971	1.741095202													
129	3R	23080000	23120000	"TfIIA-L,woc,CG14262,CG14260,l(3)mbt,CG5934,CG5938,mrt,CG3368,bigmax,Hmu,CG3348"	Active	23760000	23800000	"Mes-4,CG5514,mfrn,Gp93,CG4951,CG5527,CG4884,CG42487,CG31253,CG31131,CG4849,betaTub97EF"	Active	97	29.0327	1.740306													
131	3L	8400000	8480000	"CG13667,Oseg1,exo70,mtrm,CG32354,Cbl,Unr,CG6983,Gug,CG43163"	Active	20360000	20440000	"in,CG13247,Ide,RhoBTB,CG5498,fbl,CG33969,trbl,CG13248,zye,CG5282,CG5274,CG5262,Las,Psn,mRpL15,CG5872,CG11796,CG5910"	Active	55	16.52853	1.734473197													
132	3L	9400000	9480000	"CG4022,CG3689,CG3967,CG3982,aay,Shc,RpS17,MTF-1,CG42526,Bet3,Nf-YA,CG33926,CG3529,CG3448,CG32038,phol,CG3437,CG3552,CG3434,CG32043,CG14180,Uch-L3,Jarid2,pall"	Active	14000000	14040000	"CG9007,ptip,endos,CG6650,CG6661,Hsc70Cb,blue"	Active	53	15.95092	1.732352723													
135	X	6160000	6200000	"schlank,Spt6,CG3566,Ubi-p5E,Top3beta,wuho,Rpt4,CG15896,CG15892,CG15891,CG3815,CG12219,CG3823"	Active	6720000	6760000	"Smg1,CG12796,CG14435,CG4557,Cht11,CG4558,CG14434"	Active	60	18.0821	1.730400263													
136	3R	1400000	1480000	"CRMP,CG2926,rev7,noi,Vha26,exba,CG1427,asl,Rga,Atu,Spec2,CG2911,RpL13A,CG14673,CG31551,CG31549,CG12171,CG31546,CG31548,CG12170,MTA1-like,sec23,elm"	Active	11040000	11120000	"CG4210,SIDL,CG12241,Rpb7,CG31344,Caf1,Art3,mRpS10,CG34316,tefu,Hsc70-4,CG6499,CG42404,Su(var)3-9,Set,Oscp,CG14864,CG4334,Cp190,CG4338,MRG15,l(3)neo43,Tm1"	Active	55	16.58937	1.729172519													
137	2R	13360000	13520000	"qkr54B,CG6520,veil,CG43110,CG30104,CG30103,CG43164,CG34193,CG4847,CG4853,Apc10,CG4866,Patronin,eIF3-S9,CG43370,CG34194,cyp33,RpL18A,MESR4,Klp54D,CG43324,CG14480,ns2,POSH,CG14482,CG42239,Rab4,Dcr-2,CG6484,CG14483,RhoGAP54D,icln,CG30105,lack,CG11423,CG42649"	Active	19680000	19840000	"CG5549,shu,usnp,CG5554,ytr,eIF6,gbb,bgcn,wibg,TBPH,CG4585,CG5569,Thiolase,ken,TM4SF,CG4882,PHDP,CG5597,Dcp1,DNA-ligI,Upf3,CG17658,CG5339,CG5591,CG13562,Nap1,kcc,CG2812,Ca-P60A,CG3735,Tal,G-salpha60A,CG13565,CG2970,fzr2,CG9850,CG30177,CG13561,CG5539,Ssrp,C"	Active	164	49.47478	1.728930618													
143	3L	9360000	9520000	"Klp67A,CG4452,Fdxh,Hsp67Bc,Hsp67Bb,Hsp22,CG4461,Hsp26,Hsp67Ba,Hsp23,Hsp27,CG4080,eIF-4E,Cpr67B,CG4022,CG3689,CG3967,CG3982,aay,Shc,RpS17,MTF-1,CG42526,Bet3,Nf-YA,CG33926,CG3529,pall,CG32036,CG32037,path,CG3408,RpS9,CG33703,CG33702,CG33700"	Active	20360000	20520000	"in,CG13247,Ide,RhoBTB,CG5498,fbl,CG33969,trbl,CG13248,zye,CG5282,CG5274,CG5262,Las,Psn,mRpL15,CG5872,CG11796,CG5910,CG5199,CG5195,CG5932,CG42764,CG5955,CG32428,CG5969,isoQC,CG5130,CG6020,CG32425,CG18281,CG17637,CG5078,CG5059,mTerf3,CG5104,CG4825,CG4858"	Active	89	27.00756	1.720442031													
146	X	15600000	15920000	"CG9281,CG15601,CG8184,CG8191,CG12379,l(1)G0136,Actr13E,CG11679,CG8206,CG8944,Tcp-1zeta,CG8239,Graf,CG8260,mRpL3,CG17209,CG8952,CG33172,CG33173,CG8959,Paf-AHalpha,Chc,CG32582,CG8565,Aats-arg,CG8578,sun,UBL3,CG15914,Myb,AlkB,Gbeta13F,Gapdh2,CG16952,tay,MSBP"	Active	16160000	16320000	"CG3679,CG9914,CG9915,CG13957,Cyp1,CG9917,CG32579,CalpC,CG9919,CG9921,Dsp1,sl,U2af50,Gpi1,nonA,Fur2,CG9992,CG4239,CG12507,kat80,Mfe2,Pros28.1,eas,CG32576,CG3560,caz,CG9911,CG3632,TH1,mei-41,CG9981,CG4301,Traf-like,Anxb11,hang"	Active	667	202.8493	1.717278437													
147	2L	8040000	8080000	"CG7429,RpL36A,CG7466,poe,MED20,Trf,Mcr"	Active	10240000	10320000	"me31B,chico,bsk,CG31717,Ror,CG5676,Pten,Rsf1,CG18619,Mob3,CG4953,CG4957,CG31873,trk,Utx,CG34043,CG5604,Hand,CYLD,CG13138,nmd,CG5390,CG4968,Cdk5alpha,CG5385,CG5384,CG4972,CG5381"	Active	103	31.3328	1.716898733													
148	3R	11040000	11080000	"CG4210,SIDL,CG12241,Rpb7,CG31344,Caf1,Art3,mRpS10,CG34316,tefu,Hsc70-4,CG6499,CG42404"	Active	19920000	20080000	"4EHP,Syx1A,CG10694,CG18428,CG13605,CG6129,CG13607,CG5463,Tsc1,sec10,Npc2f,kal-1,Slimp,p38c,Mpk2,CG6178,Myo95E,CG6182,mRpS24,Apc2,CG5510,CG13606,twin,CG17786,cav,Spps,CG13609,Spase22-23,Acp95EF,mask,CG5706,jar"	Active	59	17.98586	1.71385181													
149	X	6680000	6760000	"C3G,pod1,iav,Nf-YC,CG4542,Atx-1,Smg1,CG12796,CG14435,CG4557,Cht11,CG4558,CG14434"	Active	7800000	7840000	"dpr14,CG1444,snz,hdm,Ykt6,CG10777,CG10778,RpS14a,RpS14b,CG42593,l(1)G0193"	Active	87	26.5238	1.713727919													
151	2R	4800000	4840000	"Pgi,lin,CG34219,CG8248,CG8247,CG8243,CG8237,CG8235,CG8232,CG13749,FANCI,CG13748,CG8230,CG33199,CG8229,Tom7,babo"	Active	19760000	19960000	"ken,TM4SF,CG4882,PHDP,CG5597,Dcp1,DNA-ligI,Upf3,CG17658,CG5339,CG5591,CG13562,Nap1,kcc,CG2812,Ca-P60A,CG3735,Tal,G-salpha60A,CG13565,CG2970,fzr2,CG3803,thoc5,CG16787,alpha-catenin-related,CG13566,Fmo-1,Alas,CG34213,or,CG10904,CG3065,mr,Gadd34,Sox14,Phm,CG"	Active	51	15.56457	1.712231527													
153	2L	6640000	6680000	"CG31635,Tango1,CG31633,CG31636,CG11070,CG13771,cup,Galt,Spn27A,CG34310,cort,CG11329,Nhe3"	Active	10200000	10320000	"Ripalpha,RpL7,CG34159,CG5734,CG5731,CG5727,CG4901,Npc1a,Pros35,CG4908,CG5708,CG5694,eEF1delta,CG31720,me31B,chico,bsk,CG31717,Ror,CG5676,Pten,Rsf1,CG18619,Mob3,CG4953,CG4957,CG31873,trk,Utx,CG34043,CG5604,Hand,CYLD,CG13138,nmd,CG5390,CG4968,Cdk5alpha,CG53"	Active	112	34.3212	1.706326831													
161	3L	1760000	1800000	"Dhc62B,CG13933,CG12018,CG2021,mRpL46,alpha-Spec,dlt,Cdc37,CG12020,Patj"	Active	3200000	3240000	"gry,CG32271,CG33159,CG32277,CG33160,CG32269,CG32270,CG14967,CG12034,RpL28,CG17737,CG11505,CG17746"	Active	67	20.7436	1.691494804													
162	2L	2960000	3040000	"Rbp9,Ts,Rrp1,gammaTub23C,CG9641,CG3165,CG9643,Chd1,Bem46,okr,CG3558,CG17265,CG17224,CG17264,alpha4GT1,CG3542,CG3605,CG17219,GABPI,CG17258,CG17259,CG17260,cnir,CG17221"	Active	10200000	10440000	"me31B,chico,bsk,CG31717,Ror,CG5676,Pten,Rsf1,CG18619,Mob3,CG4953,CG4957,CG31873,trk,Utx,CG34043,CG5604,Hand,CYLD,CG13138,nmd,CG5390,CG4968,Cdk5alpha,CG5385,CG5384,CG4972,CG5381,Cand1,pim,lft,CG5056,rho-5,CG33303,dpr19,CG5091,CG5096,cdc2,mRpS7,da,Mdh1,CG31"	Active	121	37.53981	1.688513794													
164	2R	12880000	12920000	"Cbp53E,CG30461,ste24c,ste24b,ste24a,CG6796,NiPp1,CG6805,CG15609,CG8963,Ark,RhoGEF2,CG43327,CG43328"	Active	19920000	20000000	"Chi,MAN1,CG13567,CG3173,tsr,gammaSnap,sei,CG13568,CG13563,eIF-5A,RpL12,RpL39,Rap2l,yki,CG3209,Mlp60A,CG10339,CG13564,CG16786,snama,gek,enok,CG4049"	Active	55	17.11749	1.683960449													
166	2L	6920000	6960000	"x16,Hrb27C,CG43232,CG18304,CG10158,ihog,Gas41,SA,CG13775,CG3430,Atac1"	Active	10200000	10400000	"Ripalpha,RpL7,CG34159,CG5734,CG5731,CG5727,CG4901,Npc1a,Pros35,CG4908,CG5708,CG5694,eEF1delta,CG31720,me31B,CG34043,CG5604,Hand,CYLD,CG13138,nmd,CG5390,CG4968,Cdk5alpha,CG5385,CG5384,CG4972,CG5381,CG4995,RnrL,CG5375,CG5037,GATAd,SamDC,CG31715,Sps2,CG5022,"	Active	154	48.037	1.680712391													
167	2L	8040000	8080000	"CG7429,RpL36A,CG7466,poe,MED20,Trf,Mcr"	Active	8160000	8200000	"Rbsn-5,CG8498,CG8486,fos28F,CG34134,CG8475,CG8460,CG8455"	Active	411	128.314	1.679459806													
169	X	7960000	8160000	"mys,Upf2,CG1571,CG2254,CG2256,Ubc-E2H,CG2258,Gclc,CG1575,CG2260,cyr,CG2116,CG10958,CG2120,Smox,CG17982,CG2263,CG2129,CG15336,CG10959,Gbeta5,CG18262,Traf6,GIIIspla2,CG15337,CG10761,Or7a,CG2278,slpr,sdt,CG2147,sni,Trxr-1,ND75,CG1632"	Active	11000000	11040000	"CG42249,Hsp60,CG11122,Rpt3,Gtp-bp,Klp10A,CG18292,CG32667,CG15199,CG15202,CG15201,ran"	Active	101	31.57844	1.677343485													
171	3R	20120000	20160000	"CG5715,crb,CG5720,BRWD3,CG5728,Dis3"	Active	25800000	25880000	"CG7896,Acph-1,CG7903,sas-6,CG15525,CG11504,CG34298,Tace,CG7911,Nlp,CG7912,CG7920,Mgat2,RpS28a,Axn,CG7928,ocn,janB,janA,Sry-beta,Sry-alpha,Sry-delta,RpL32,CG7943,CG15528,CG7946"	Active	57	17.84075	1.675785654													
172	3R	5320000	5400000	"CG8147,RhoL,CG8149,rump,Ras85D,Rlb1,Rlc1,JHDM2,CG8176,by,mura,RnpS1,CG9386,CG8199,AP-47,MBD-like,CG9393,Vps45,CG16789,CG16790,CG9396,CG9399"	Active	11120000	11200000	"Tm1,Tm2,CG14866,CG6276,ear,CG6236,ea,mRpL9,FK506-bp1,Sra-1,CG6218,Aats-ser,Surf4,CG31301,CG42726,CG42727,CG6196,CG5038,CG6194,CG5044,ldlCp,Trax,CG6171,CG34404,CG14868,CG6136,CG5073"	Active	57	17.8764	1.672905688													
174	2L	13800000	13840000	"CAH1,adat,CG16865,CG16888,Sos,b,tam,Sop2,Orc5,DNApol-gamma35,CG33649,RpII33,mRpS23,cenG1A"	Active	19480000	19560000	"CG10195,CG13084,CG13083,CG10194,CG18094,CG10189,swm,Top3alpha,CG10188,CG10186,CG10132,CG10166,CG10137,CG10165,CG33116,CG31697,CG13082,CG13081,ref(2)P,CG10337,TepIV,CG13079"	Active	61	19.1528	1.671253924													
175	X	7800000	8080000	"dpr14,CG1444,snz,hdm,Ykt6,CG10777,CG10778,RpS14a,RpS14b,CG42593,l(1)G0193,CG15332,CG15330,sws,sn,Tbh,CG2233,fs(1)h,mys,Gclc,CG1575,CG2260,cyr,CG2116,CG10958,CG2120,Smox,CG17982,CG2263,CG2129,CG15336,CG10959,Gbeta5,CG18262,Traf6,GIIIspla2,CG15337,CG10761,O"	Active	17480000	17600000	"CG12991,CG12992,X11L,CG8408,CG8326,CG8316,CG5703,CG8289,CG5800,RhoGAPp190,CG8211,beta-Spec,CG12990,chas,CG8188,par-6"	Active	104	32.6906	1.669635767													
177	3L	9360000	9480000	"Klp67A,CG4452,Fdxh,Hsp67Bc,Hsp67Bb,Hsp22,CG4461,Hsp26,Hsp67Ba,Hsp23,Hsp27,CG4080,eIF-4E,Cpr67B,CG3529,CG3448,CG32038,phol,CG3437,CG3552,CG3434,CG32043,CG14180,Uch-L3,Jarid2,pall,CG4022,CG3689,CG3967,CG3982,aay,Shc,RpS17,MTF-1,CG42526,Bet3,Nf-YA,CG33926"	Active	15960000	16080000	"CG5931,CG10516,brm,CG17026,CG17029,CG17028,CG17027,Arf72A,DNApol-delta,Hip14,CG5830,mRpS31,mib1,th,Mbs,CG33258,CG13075,Taspase1"	Active	77	24.20995	1.669258346													
178	3R	6680000	6720000	"CG6567,CG4511,CG4570,CG14694,CG6574,SelR,Tsp86D,Fdh,CG4596,Sodh-2,CG14695,Tpc1,CG14696,CG4674,Adk3,CG6621"	Active	7000000	7080000	"Ugt86Dj,Ugt86Dh,CG18577,cu,SdhC,Tctp,CG6672,RpS25,CG4820,CG6689,CG6693,RpL3,scpr-C,CG17726,CG10703,CG17187,CG14701,CG17184,CG17721,CG31441,CG31388,scpr-B,scpr-A,CG17734,CG5214"	Active	304	95.6377	1.668419984													
179	3R	200000	280000	"CG11739,Cont,tub,CG14646,CG34112,CG9855,CG9853,CG14647,growl,CG32944,CG31528,Spargel,CG31525,eIF3-S10,CG1074,CG9804,CG14650,CG31522"	Active	1360000	1480000	"CRMP,CG2926,rev7,noi,Vha26,exba,CG1427,asl,Rga,Atu,Spec2,CG2911,RpL13A,CG14673,CG31551,CG31549,CG12171,CG31546,CG31548,CG12170,MTA1-like,sec23,elm,Itp-r83A,CG2519,mia,Pcmt,Snm1,Pi4KIIalpha,CG14671,CG12746,CG2931,Rheb"	Active	303	95.3402	1.668161237													
186	3L	8400000	8520000	"CG13667,Oseg1,exo70,mtrm,CG32354,Cbl,Unr,CG6983,CG43163,ZC3H3,CG6745,CG6765,CG6683,CG6776,se,CG6673,CG6662,foi"	Active	12480000	12520000	"CG10660,CG10657,CG10638,CG10681,CG10646,vih,CG10654,sti,tral,Pcaf,ver,eIF-2beta"	Active	59	18.68816	1.658590423													
188	3L	12720000	12840000	"SmD1,Ptp69D,CG32112,CG32109,Klc,CG10984,CG10973,CG32113,Sap130,CG32110,CG10754,CG42588,CG10960,CG10948"	Active	19560000	19640000	"Shal,CG9231,CG9330,CG14100,ash1,Taf6,CG9368,lush,CG9372,CG8798,CG9376,l(3)76BDm,asf1,CG9392,wnd,CG8786"	Active	60	19.05567	1.654742166													
189	2R	13600000	13680000	"CG6424,CG10934,CG10933,Snx16,CG4975,CG4984,CG34195,CG6406,CG6401,CG4996,Ir54a,sub,CG10931,CG5002,CG6385,HLH54F,CG5009,CG6370,CG14488,CG18635,CG6362,fab1,CG33981,aft,UbcD10,CG5033"	Active	19720000	19800000	"CG5549,shu,usnp,CG5554,ytr,eIF6,gbb,bgcn,wibg,TBPH,CG4585,CG5569,Thiolase,ken,TM4SF,CG4882,PHDP,CG5597,Dcp1,DNA-ligI,Upf3,CG17658,CG5339,CG5591,CG13562,Nap1,kcc"	Active	58	18.43713	1.653438803													
193	2L	4920000	5080000	"hoe1,hoe2,Sgs1,CG14044,mRpL24,betaggt-I,jet,Jon25Biii,Jon25Bii,Jon25Bi,Marcal1,CG34124,CG34125,Trip1,Scox,CG3756,l(2)05714,CG14043,mRpL28,Gmd,CG3792,CG8891,CG8892,CG34126,Rtnl1,SP555,CG14042,CG31650,CG31919,CG33995,CG9121,eIF-3p40,CG14040,CG14036,His3.3A,"	Active	10400000	10440000	"CG31716,CG17768,LSm-4,Ir31a,RpS27A,Ip259,CG5355,Klp31E,RfC3,pie,CG5168,SmB,KdelR,CG5188,CG5343,TfIIB,CG5337,CG5198,CHIP,CG13142"	Active	77	24.62101	1.644968501													
195	X	6160000	6280000	"schlank,Spt6,CG3566,Ubi-p5E,Top3beta,wuho,Rpt4,CG15896,CG15892,CG15891,CG3815,CG12219,CG3823,CG3847,CG3446,kdn,swa,Marf,PpV,CG33664"	Active	7800000	7880000	"dpr14,CG1444,snz,hdm,Ykt6,CG10777,CG10778,RpS14a,RpS14b,CG42593,l(1)G0193,CG15332,CG15330,sws,sn"	Active	84	26.94124	1.640573074													
196	3L	5760000	5800000	"Txl,Ppat-Dpck,scny,vito,Myt1,PGRP-LD,Pmi,Cralbp,Bre1,Tektin-C,S6k,CG42272"	Active	7320000	7360000	"CG8602,mus312,CG42307,CG8600,eco,lark,CG8596,CG14834,Srp19,qm,CTCF,pst,sec63,Sh3beta"	Active	60	19.2681	1.638748184													
199	3L	12400000	12560000	"CG32103,Gap69C,toe,CG10660,CG10657,CG10638,CG10681,CG10646,vih,CG10654,sti,tral,Pcaf,ver,eIF-2beta,CG10627,Tsf2,CG34242,CG10688,CG4069,sowah"	Active	19640000	20000000	"Oat,tey,CG8765,CG42637,Gyc76C,HLH106,CG14102,Ir76a,CG14103,CG15881,CG34116,CG14104,Mi-2,Su(Tpl),CG7757,Mtr3,Rpn1,Su(z)12,CG7770,Grasp65,Kap-alpha1,Cyp305a1,cyc,Fibp,Deaf1,trc,CG32221,kto,Papss,Rab8,CG8334,Ac76E,CG14182,CG17732,hale,schuy,Csas,fln,CG7646,N"	Active	163	52.61562	1.631308903													
200	X	17720000	17800000	"Socs16D,CG6398,e(y)1,CG8142,Ucp4A,CG15814,CG6506,CG32554,CG32557,CG6762,Arp8,CG6769,mnb,CG12985,CG6788,GS,CG32495"	Active	19480000	19600000	"CG14204,CG14219,CG14205,RpS10b,CG14220,CG14207,Tyler,Shawn,CG14210,Tim9b,CG12788,CG14221,CG14222,MKP-4,CG14212,e(y)3,Rcd-1,CG12237,Sec61gamma,Arp11,Ranbp21,CG14215,CG14223,CG14216,Zw,et,dome,Ubqn,CG14227,Mer,CG14229,Cdc42,CG14231,CG14232,CG14230"	Active	88	28.45646	1.628747323													
201	2R	3680000	3720000	"Gapdh1,mus205,CG1553,sax,CG1550,CG1882,cathD,CG30383,phr,Prosalpha1,CG18853,CG30382,CG12822,CG12821"	Active	3800000	3840000	"CG30377,CG12159,lin19,Or43b,Kdm4A,CG8791,CG30381,rnh1,drosha,CG8728,CG30380,CG30379,CG14764,CG34430,CG34431,CG11165,CG30378"	Active	288	93.1797	1.627981221													
202	X	15560000	15800000	"CG15646,CG12708,CG15599,CG43132,CG8128,CG9240,Pis,CG8134,CG9281,CG15601,CG8184,CG8191,CG12379,l(1)G0136,Actr13E,CG11679,CG8206,CG8944,mRpS30,Rhp,CG8974,CG32581,CG15602,PGRP-LE,sd,CG8509,Chc,CG32582,CG8565,Aats-arg,CG8578,sun,UBL3,CG15914,Myb,AlkB,Gbeta13F"	Active	18680000	18800000	"CG6900,CG6961,Pk17E,CG7053,bnb,CG7058,CG42450,CG7101,Pvf1,CG34422,CG7280,CG7322,CG7288,CG32544,CG7326,CG34401,CG7332,CG7358,CG7349,CG7378"	Active	141	45.73899	1.624198749													
203	2L	4960000	5000000	"CG34124,CG34125,Trip1,Scox,CG3756,l(2)05714,CG14043,mRpL28,Gmd,CG3792,CG8891,CG8892,CG34126,Rtnl1"	Active	8400000	8520000	"CG31898,fy,emb,CG13397,CG13398,Akap200,grk,D12,mus201,Chrac-14,d,CG13088,CG43400,Dh31,Bace,CG13096,CG13097,CG13089,mRpL51,CG13090,CG13091"	Active	72	23.3596	1.623981336													
205	X	16280000	16360000	"CG4239,TH1,mei-41,CG9981,CG4301,Traf-like,Anxb11,hang,CG9947,rngo,eIF-2alpha,CG34015,Rbp2,para"	Active	18720000	18800000	"CG34401,CG7332,CG7358,CG7349,CG7378,CG42450,CG7101,Pvf1,CG34422,CG7280,CG7322,CG7288,CG32544,CG7326"	Active	77	24.99931	1.62297017													
209	2R	11920000	12040000	"SP2353,CG8405,Asph,Jhedup,Jhe,CG30095,spin,Got1,CG30094,Aats-cys,Ext2,CG10731,lbk"	Active	19840000	19920000	"CG3860,Unc-89,CG4324,CG3121,CG3907,CG11388,Adk2,PebIII,HSPC300,CG3163,CG30172,Chi,CG3803,thoc5,CG16787,alpha-catenin-related,CG13566,Fmo-1,Alas,CG34213,or,CG10904,CG3065,mr,Gadd34,Sox14,Phm,CG30178,Pask"	Active	67	21.88318	1.614338694													
210	2R	17040000	17080000	"CG30389,CG4266,CG9437,LSm1,Xpd,Pu,CG4286,tud"	Active	19760000	19880000	"ken,TM4SF,CG4882,PHDP,CG5597,Dcp1,DNA-ligI,Upf3,CG17658,CG5339,CG5591,CG13562,Nap1,kcc,CG2812,Ca-P60A,CG3735,Tal,G-salpha60A,CG13565,CG2970,fzr2,CG3803,thoc5,CG16787,alpha-catenin-related,CG13566,Fmo-1,Alas,CG34213,or,CG10904,CG3065,mr,Gadd34,Sox14,Phm,CG"	Active	115	37.5697	1.61399236													
213	2L	240000	280000	"kis,Rpp30,CG3645,CG17075,CG3345,mbm,CG11555,CG17078,smo"	Active	4840000	5000000	"CG12194,CG2950,CG11927,mRpS2,CG11926,pog,Cf2,CG3008,CG15625,CG3036,CG2837,hoe1,hoe2,Sgs1,CG14044,mRpL24,betaggt-I,jet,Jon25Biii,Jon25Bii,Jon25Bi,Marcal1,CG34124,CG34125,Trip1,Scox,CG3756,l(2)05714,CG14043,mRpL28,Gmd,CG3792,CG8891,CG8892,CG34126,Rtnl1"	Active	83	27.14623	1.612359482													
215	2R	13360000	13480000	"qkr54B,CG6520,veil,CG43110,CG30104,CG30103,CG43164,CG34193,CG4847,CG4853,Apc10,CG4866,Patronin,eIF3-S9,CG43370,CG34194,cyp33,RpL18A,MESR4,Klp54D,CG43324,CG14480,ns2,POSH,CG14482,CG42239,Rab4,Dcr-2,CG6484,CG14483,RhoGAP54D,icln,CG30105"	Active	19880000	20000000	"CG3860,Unc-89,CG4324,CG3121,CG3907,CG11388,Adk2,PebIII,HSPC300,CG3163,CG30172,Chi,MAN1,CG13567,CG3173,tsr,gammaSnap,sei,CG13568,CG13563,eIF-5A,RpL12,RpL39,Rap2l,yki,CG3209,Mlp60A,CG10339,CG13564,CG16786,snama,gek,enok,CG4049"	Active	108	35.4191	1.608431854													
217	3R	23080000	23120000	"TfIIA-L,woc,CG14262,CG14260,l(3)mbt,CG5934,CG5938,mrt,CG3368,bigmax,Hmu,CG3348"	Active	24840000	25000000	"CG1443,CG14518,eIF4E-6,CG1951,Ssl2,beta4GalNAcTB,Cpsf100,Slu7,Pkc98E,CG11837,CG11841,CG11842,CG11873,CG11874,CG11876,CG11877,yemalpha,CG11880,dgt6,Vha100-1,CG14512,CG14516,CG14511,CG11882,Pglym78,ligatin,Slbp,Rpn2,CG11897,CG11898,CG14509"	Active	153	50.3384	1.603800386													
218	3R	120000	160000	"cpx,CG9780,MP1,vps24,CG9791,Syt14,CG9795,CG9776"	Active	1360000	1400000	"Itp-r83A,CG2519,mia,Pcmt,Snm1,Pi4KIIalpha,CG14671,CG12746,CG2931,Rheb,CRMP"	Active	53	17.4586	1.602054485													
219	X	1760000	1840000	"MED18,CG14815,CG14803,Pgam5,Vps26,CG14817,CG14805,CG14818,CG14806,trr,mRpL16,arm,CG32803,CG32801,Edem1,mip130,Rbcn-3B,eIF2B-epsilon,CG3573,CG11596,CG3857,CG3587,CG3600"	Active	6640000	6760000	"C3G,pod1,iav,Nf-YC,CG4542,Atx-1,Smg1,CG12796,CG14435,CG4557,Cht11,CG4558,CG14434,CG14439,CG14438,COQ7,shf"	Active	70	23.06328	1.601757218													
220	X	11000000	11040000	"CG42249,Hsp60,CG11122,Rpt3,Gtp-bp,Klp10A,CG18292,CG32667,CG15199,CG15202,CG15201,ran"	Active	11200000	11280000	"Ir10a,sisA,l(1)10Bb,CG1657,Kap3,CG34348,CG1597,CG11756,CG1738,CG11752,CG1737,dsh,CG11750,hop,Tim8,dlg1"	Active	254	83.762	1.600460702													
223	3R	8240000	8280000	"pps,Scgbeta,CG17202,Pp1-87B,Sas,CG5641,CG5245,Pros25,Aos1,CG5844,desat2,CG17207,desat1,CG5538,CG18549,CG5509"	Active	11040000	11200000	"CG4210,SIDL,CG12241,Rpb7,CG31344,Caf1,Art3,mRpS10,CG34316,tefu,Hsc70-4,CG6499,CG42404,Su(var)3-9,Set,Oscp,CG14864,CG4334,Cp190,CG4338,MRG15,l(3)neo43,Tm1,Sra-1,CG6218,Aats-ser,Surf4,CG31301,CG42726,CG42727,CG6196,CG5038,CG6194,CG5044,ldlCp,Trax,CG6171,CG3"	Active	120	40.0061	1.584742507													
224	2R	13640000	13680000	"CG5002,CG6385,HLH54F,CG5009,CG6370,CG14488,CG18635,CG6362,fab1,CG33981,aft,UbcD10,CG5033"	Active	14000000	14040000	"stau,Spn6,Dip3,Hsf,Pcl,pAbp,CG17680,CG5742,adp"	Active	140	46.8248	1.58008209													
225	X	520000	560000	"CG17829,RpL36,l(1)1Bi,Dredd,su(s),CG13367,Roc1a,Hmt4-20,skpA"	Active	1760000	1840000	"MED18,CG14815,CG14803,Pgam5,Vps26,CG14817,CG14805,CG14818,CG14806,trr,mRpL16,arm,CG32803,CG32801,Edem1,mip130,Rbcn-3B,eIF2B-epsilon,CG3573,CG11596,CG3857,CG3587,CG3600"	Active	77	25.7597	1.579742654													
226	X	16240000	16360000	"sl,U2af50,Gpi1,nonA,Fur2,CG9992,CG4239,hang,CG9947,rngo,eIF-2alpha,CG34015,Rbp2,para"	Active	17520000	17560000	"CG8408,CG8326,CG8316,CG5703,CG8289,CG5800,RhoGAPp190,CG8211,beta-Spec"	Active	66	22.099	1.578484937													
227	X	10720000	10800000	"sbr,CG15210,CG15209,CG32669,CG17333,CG2202,feo,sofe,CG2186,CG2157,CG1637,Ork1,CG1582,CG15208"	Active	15800000	15920000	"CG9172,eIF5,exd,CG8939,vap,CG12698,Muc14A,shi,CycD,CG8909,CG8916,Lcch3,Ranbp16,Stim,CG8924,CG8928"	Active	50	16.74439	1.578250275													
232	3L	19560000	19680000	"Shal,CG9231,CG9330,CG14100,ash1,Taf6,CG9368,lush,CG9372,CG8798,CG9376,l(3)76BDm,asf1,CG9392,wnd,CG8786,Oat,tey,CG8765"	Active	21440000	21560000	"CG7611,CG32442,Mkrn1,CG33289,Pros54,CG7181,VhaM9.7-b,CG33290,Wnk,CG7173,capaR,CG7634,Neu2,CG7202,CG7519,Hr78,CG33214,Est-Q,M6,SAK,Cdk12,Syx7,croc"	Active	117	39.355	1.571889685													
235	X	6560000	6680000	"Ctr1A,CG3198,Mcm6,CG3192,l(1)G0255,CG4095,Pink1,CG3184,CG14442,CG14440,CG14441,CG14439,CG14438,COQ7,shf,C3G"	Active	19480000	19600000	"CG14204,CG14219,CG14205,RpS10b,CG14220,CG14207,Tyler,Shawn,CG14210,Tim9b,CG12788,CG14221,CG14222,MKP-4,CG14212,e(y)3,Rcd-1,CG12237,Sec61gamma,Arp11,Ranbp21,CG14215,CG14223,CG14216,Zw,et,dome,Ubqn,CG14227,Mer,CG14229,Cdc42,CG14231,CG14232,CG14230"	Active	58	19.53854	1.569730233													
236	X	1760000	1800000	"MED18,CG14815,CG14803,Pgam5,Vps26,CG14817,CG14805,CG14818,CG14806,trr,mRpL16,arm,CG32803,CG32801,Edem1"	Active	2480000	2520000	"wds,egh,Klp3A,mit(1)15,Bzd,CG8636,Tsp3A,Seipin,CG13762,PI4KIIIalpha"	Active	59	19.8768	1.569629441													
237	3R	5520000	5600000	"CG32939,Unc-115a,trbd,dmt,hyd,FoxP,alphaTub85E,CG12950,Pnn,CG34409,CG31415,CG12948,PpD3,CG16908,Rpt3R,CG8412,CG8417,Snap24,CG8478,MED6,CG8481,CG9471,Whamy"	Active	11040000	11200000	"CG4210,SIDL,CG12241,Rpb7,CG31344,Caf1,Art3,mRpS10,CG34316,tefu,Hsc70-4,CG6499,CG42404,Su(var)3-9,Set,Oscp,CG14864,CG4334,Cp190,CG4338,MRG15,l(3)neo43,Tm1,Sra-1,CG6218,Aats-ser,Surf4,CG31301,CG42726,CG42727,CG6196,CG5038,CG6194,CG5044,ldlCp,Trax,CG6171,CG3"	Active	123	41.4756	1.568323559													
238	2L	6040000	6080000	"CG31643,ade2,slmo,CG34179,CG12393,CG9135,CG13995,CG34180,CG9140,CG13994,Fbw5,CG9147,CG9150,CG13993,CG9154,Kr-h2,CG9162"	Active	8360000	8440000	"CG7627,RpS13,CSN8,Pp2A-29B,CG17292,CG17293,CG13390,CG17294,Aats-ala,CG13392,Rcd4,CG13393,CG13384,CG42819,CG42820,Acp29AB,lectin-29Ca,Peritrophin-15b,Peritrophin-15a,CG13385,CG13386,CG31898,fy,emb,CG13397,CG13398,Akap200,grk,D12,mus201,Chrac-14"	Active	90	30.3696	1.567297095													
240	3R	23080000	23120000	"TfIIA-L,woc,CG14262,CG14260,l(3)mbt,CG5934,CG5938,mrt,CG3368,bigmax,Hmu,CG3348"	Active	24640000	24680000	"CG1646,CG1523,CG1647,WASp,Apc,CG31048,inx3"	Active	50	16.9194	1.563249687													
242	X	19600000	19640000	"CG14230,meso18E,CG12531,Bap,CG14234,CG14235,CG18809,CG33932,Rpp20"	Active	20280000	20320000	"HERC2,CG15459,CG15458,Obp19a,Obp19b,Obp19c,Pbprp2,Pp4-19C,cactin,CG15456,CG11710,mal,CG1695,CG42578"	Active	55	18.6328	1.56158713													
244	X	20240000	20320000	"CG12679,CG15460,l(1)G0004,Syx16,HERC2,CG15459,CG15458,Obp19a,Obp19b,Obp19c,Pbprp2,Pp4-19C,cactin,CG15456,CG11710,mal,CG1695,CG42578"	Active	21200000	21280000	"tty,fliI,dod,pen,sol,Sep-01,waw,bbx,slgA,Hlc,mst,lcs,CG1678"	Active	127	43.1022	1.558995083													
247	2L	6640000	6680000	"CG31635,Tango1,CG31633,CG31636,CG11070,CG13771,cup,Galt,Spn27A,CG34310,cort,CG11329,Nhe3"	Active	8040000	8080000	"CG7429,RpL36A,CG7466,poe,MED20,Trf,Mcr"	Active	59	20.0671	1.555882814													
249	3R	1400000	1440000	"CRMP,CG2926,rev7,noi,Vha26,exba,CG1427,asl,Rga,Atu"	Active	2920000	2960000	"e(y)2b,Alh,Mlp84B,CG10098,CG10068,CG31248,CG31493"	Active	51	17.4221	1.549578715													
250	3R	23720000	23800000	"CG34353,CG5017,CG5003,mRpS22,CG33213,CG12259,CG4980,RpL4,CG5508,CG31053,Mes-4,CG5514,mfrn,Gp93,CG4951,CG5527,CG4884,CG42487,CG31253,CG31131,CG4849,betaTub97EF"	Active	24640000	24680000	"CG1646,CG1523,CG1647,WASp,Apc,CG31048,inx3"	Active	114	38.9438	1.549568255													
251	X	7600000	7640000	"CG43287,CG15478,Hira,NELF-B,CG12155,Pdp,Rab39,Tom40"	Active	7800000	7840000	"dpr14,CG1444,snz,hdm,Ykt6,CG10777,CG10778,RpS14a,RpS14b,CG42593,l(1)G0193"	Active	154	52.689	1.547356647													
252	X	15600000	15680000	"CG9281,CG15601,CG8184,CG8191,CG12379,l(1)G0136,Actr13E,CG11679,CG8206,CG8944,Tcp-1zeta,CG8239,Graf,CG8260,mRpL3,CG17209,CG8952,CG33172,CG33173,CG8959,Paf-AHalpha"	Active	16440000	16520000	"CanA-14F,CG13014,Cap,crl,CG9784,Nup153,mbt,CG9782,rok,CG9902,Arp14D,Pp2B-14D"	Active	73	24.9993	1.546008765													
255	3L	7320000	7360000	"CG8602,mus312,CG42307,CG8600,eco,lark,CG8596,CG14834,Srp19,qm,CTCF,pst,sec63,Sh3beta"	Active	8960000	9000000	"CG5021,CG5026,pix,Srp68,CG5644,CG13314,Galk,CG5068,CG5280,smg,CG5087,Doc3"	Active	53	18.363	1.529190586													
260	3L	11760000	11800000	"Muc68D,Tim13,Pi3K68D,CG14131,CG5964,CG10907,Klp68D,CG10361,CG42255"	Active	12120000	12160000	"Ir68b,CG34241,Lsp2,CG11534,CG5645,Atg12,l(3)neo18,RhoGAP68F,CG5642,Nrx-IV,eap,CG9760,Rh7"	Active	109	37.8755	1.524991296													
262	2L	1160000	1200000	"Tango14,CG5080,CG4785,CG14341,Plap,CG31922,CG5118,CG4887,CG4896,CG5126,Tgt,CG5001,CG5139,CG43348"	Active	2960000	3000000	"Rbp9,Ts,Rrp1,gammaTub23C,CG9641,CG3165,CG9643,Chd1,Bem46,okr,CG3558"	Active	50	17.5396	1.511312248													
263	3R	6680000	6720000	"CG6567,CG4511,CG4570,CG14694,CG6574,SelR,Tsp86D,Fdh,CG4596,Sodh-2,CG14695,Tpc1,CG14696,CG4674,Adk3,CG6621"	Active	7400000	7440000	"Mrp4,CG6790,CG5342,wkd,CG6791,Jupiter"	Active	72	25.2927	1.509275853													
265	3L	15560000	15600000	"CG6498,CG16979,mrn,CG12301,CG12304,CG7656,RhoGAP71E"	Active	15960000	16000000	"CG5931,CG10516,brm,CG17026,CG17029,CG17028,CG17027,Arf72A,DNApol-delta,Hip14,CG5830,mRpS31,mib1"	Active	116	40.9008	1.503923838													
266	X	5560000	5680000	"Sirt4,CG4119,Rab-RP4,RpL35,Tre1,Gr5a,CG42449,CG3160,cv,CG3149,CG42794,CG4096,CG3125,CG4078,CG15772,lin-52,CG15771,MAPk-Ak2,CG42699,CG3097,CG42264,CG3108"	Active	7600000	7640000	"CG43287,CG15478,Hira,NELF-B,CG12155,Pdp,Rab39,Tom40"	Active	60	21.1887	1.501667425													
24	X	5160000	5720000	"CG42749,CG3323,CG17764,Cdk7,snf,TrxT,dhd,CG4198,CG15930,Sas10,Rnp4F,Mcm3,CG3309,XRCC1,CanB,SK,NAAT1,yu,CG4165,CG16756,CG15784,SPR,CG3239,CG32762,CG4151,CG12730,Vsx2,Vsx1,CG34435,CG34434,RhoGAP5A,Mlc-c,l(1)G0045,CG42492,CG42265,Sirt4,CG4119,Rab-RP4,RpL35,T"	Active	17200000	17640000	"CG12991,CG12992,X11L,CG8408,CG12994,CG5613,p-cup,CG8568,CG8557,CG12432,CG8326,CG8316,CG5703,CG8289,CG5800,RhoGAPp190,CG8211,beta-Spec,ppk23,l(1)G0222,par-6,CG8173,CG42684,CG12990,chas,CG8188,B-H1,CG8611,B-H2"	PcG	554	117.72784	2.23443045													
83	X	8880000	9080000	"rdgA,CG10962,CG15365,CG10970,CG7267,CG15366,CG7246,HP1b,APC4,CG32708,CG32706,CG6999,CG7033,CG7766,Bx42,CG7065,fh,dalao,His3.3B,Ost48,Dip1,CG9034,Zpr1,mei-P26"	Active	17440000	17560000	"ppk23,l(1)G0222,CG12991,CG8408,CG8326,CG8316,CG5703,CG8289,CG5800,RhoGAPp190,CG8211,beta-Spec,CG12992,X11L"	PcG	74	20.52791	1.84993852													
145	3R	1480000	1520000	"elm,MED27,CG2182,CG1109,Xe7,CG1347,Rab23,plx,CG2104"	Active	2880000	2920000	"Sodh-1,CG1979,dj,djl,CG1988,CG1105,CG1965,CG1104,CG1943,Aly,Dpck,CG1091,alphaTub84B,e(y)2b"	PcG	52	15.8064	1.7180028													
165	2R	9840000	9880000	"AGO1,mRpL53,CG33155,CG13349,Cp1,CG42806,Aats-phe,CG6704,CG18568,CG6701,Ctf4,CG8067,RN-tre,mam"	Active	3320000	3400000	"so,CG11123,sPLA2,kappaB-Ras,CG30503,CG30502,CG11125,Inos,CG11141,CG11127,p47,Aldh-III,wech,Coop,CG1620,dpa,didum,CG12736,az2"	PcG	53	16.49945	1.683574426													
168	X	6160000	6200000	"schlank,Spt6,CG3566,Ubi-p5E,Top3beta,wuho,Rpt4,CG15896,CG15892,CG15891,CG3815,CG12219,CG3823"	Active	5800000	5840000	"CG4020,CG12236,CG3011,CG3726,CG12728,CG32756"	PcG	53	16.5661	1.677758357													
191	2L	13000000	13040000	"CG12404,Vha68-1,Tor,CG9934,A16,CG9932"	Active	12680000	12720000	"pdm2,CG5525,CG6153,CG5780,PICK1,CG5781,CG17036,CG5776,spict,CG15484,CG6180,CG5787,CG5792,MRP"	PcG	188	59.8588	1.6510974													
198	2L	6640000	6680000	"CG31635,Tango1,CG31633,CG31636,CG11070,CG13771,cup,Galt,Spn27A,CG34310,cort,CG11329,Nhe3"	Active	12000000	12080000	"CG12264,CG6746,Rh5,CG6734,l(2)01810,CG18788,Tom70,CG6766,CG6785,CG6770,CG6792,CG14945,JhI-21,RpL7-like,CG34164,rab3-GAP,CG14946,CG14947"	PcG	52	16.78125	1.63166144													
222	2L	19440000	19520000	"CG10195,CG13084,CG13083,CG10194,CG18094,CG10189,swm,Top3alpha,CG10188,CG10186,CG10132,CG10237,RanGap,Hs2st,Top2,CG10026,tj"	Active	19000000	19120000	"CG31792,CG31793,RpL30,robl37BC,CG15172,Side,hk,CG31800,mib2,Catsup,CG15173,Acn,CG10470,l(2)37Bb,Rpn3,CG10492,Phlpp,CG10495,CG17343,CG10702,CG17572,CG10700,Lim3,CG17344,amd,CG10561,Ddc"	PcG	422	140.0601	1.591196976													
233	2R	17560000	17600000	"CG30263,CG10306,Tbp,CG30285,CG10307,Tim10,CG42497,Ppcdc,CG42496,CG17922,HmgZ,CG30403"	Active	17960000	18000000	"CG11474,CG2921,GlcT-1,synj,CG13502,CG43393,CG11073,CG6613,Vrp1"	PcG	128	43.0637	1.571599625													
267	2R	19240000	19280000	"CG30409,CG30410,CG3500,CG9875,CG34423,CG34424,vir,CG13550,CG3493,CG13551,yellow-d,yellow-d2,CG30414,CG30415,eIF2B-delta,CG3530"	Active	18760000	18800000	"CG13532,PIP5K59B,CG3501,CG3499,asrij,Gmer,CG3700,MED23,nahoda"	PcG	119	42.0328	1.501374104													
268	2L	19160000	19200000	"brat,CG17568,CG42688,CG17567,gammaTub37C,pigeon,drl"	Active	19360000	19400000	"dnt,CG13086,CG17349,CG17350,fon,CG17549,CG17544,CG31798"	PcG	428	151.301	1.500189274													
33	3R	640000	720000	"CG1129,CG1126,CG14657,CG14658,CG14659,opa,laf"	PcG	3760000	3800000	dsx	PcG	74	17.26777	2.099443489													
34	3R	640000	720000	"CG1129,CG1126,CG14657,CG14658,CG14659,opa,laf"	PcG	3960000	4040000	"grn,CheA84a"	PcG	133	31.35396	2.084706674													
36	3R	600000	720000	"atms,CG14655,CG17387,CG42574,Hus1-like,CG1129,CG1126,CG14657,CG14658,CG14659,opa,laf"	PcG	12520000	12840000	"VhaM9.7-d,Actn3,Ahcy89E,CG18622,MESK4,CG3678,CG31274,CG17556,CG3534,CG16941,Irc,CG8907,Ubx,Glut3,abd-A,CG31270,Abd-B"	PcG	137	32.73037	2.065474077													
42	2R	16760000	16840000	"Ipk1,CG9236,otp,CG9235,Rx,Act57B,CG33704"	PcG	20680000	20720000	"Reg-5,ETH,Orc4,CG12849,CG3611,CG42851,Dll"	PcG	69	17.0143	2.019848565													
44	X	5400000	5560000	"CG12730,Vsx2,Vsx1,CG34435,CG34434,RhoGAP5A,Mlc-c,l(1)G0045,CG42492,CG42265,Sirt4"	PcG	17640000	17720000	"CG42684,unc-4,OdsH,CG12986,Socs16D"	PcG	80	20.01819	1.998688465													
45	X	5440000	5520000	"Vsx2,Vsx1,CG34435,CG34434,RhoGAP5A,Mlc-c,l(1)G0045"	PcG	8520000	8680000	"oc,CG12772,CG11284,Ppt1,Ogg1,CG11294,Lim1"	PcG	74	18.81851	1.975372867													
50	3L	320000	440000	"CG32344,Atac3,Ptpmeg,mthl9,mthl10,mth,CG1231,CG6905,Roc1b,CG1233,CG13884,trh,CG13891,klar"	PcG	8960000	9040000	"CG5021,CG5026,pix,Srp68,CG5644,CG13314,Galk,CG5068,CG5280,smg,CG5087,Doc3,CG5194,Doc2,Doc1"	PcG	65	16.79334	1.952550524													
51	3R	9680000	9760000	"CG14362,E5,ems"	PcG	12200000	12240000	ss	PcG	84	21.7907	1.946676786													
52	3R	2680000	2880000	"ftz,Antp,CG43252,Sodh-1"	PcG	12600000	12800000	"abd-A,CG31270,Abd-B,Glut3"	PcG	139	36.12465	1.944029368													
59	3R	640000	720000	"CG1129,CG1126,CG14657,CG14658,CG14659,opa,laf"	PcG	12160000	12280000	"Sulf1,SF2,pad,CG14879,Manf,CG10311,CG42446,CG17931,CG14880,CG10317,ss,CG31279,CG17565,CG14881,mRpS33,ema,CG14894,CG14882,Pak3"	PcG	62	16.43742	1.915284343													
62	3R	2560000	2840000	"pb,zen2,CG34297,zen,bcd,Ama,Dfd,CG42651,Scr,ftz,Antp,CG43252"	PcG	3960000	4040000	"grn,CheA84a"	PcG	401	107.3066	1.901863423													
70	3R	12200000	12240000	ss	PcG	12600000	12800000	"Glut3,abd-A,CG31270,Abd-B"	PcG	612	166.1889	1.880707627													
73	X	8480000	8720000	"CG12065,CG12081,CG12659,Crag,Caf1-180,oc,CG12772,CG11284,Ppt1,Ogg1,CG11294,Hexo2,CG2004,CG1785,l(1)G0020,CG1789,Lim1"	PcG	17640000	17720000	"CG42684,unc-4,OdsH,CG12986,Socs16D"	PcG	92	25.07478	1.875396818													
74	X	4280000	4360000	"CG32773,bi"	PcG	16040000	16120000	"disco-r,disco"	PcG	56	15.30345	1.871569897													
90	3L	12320000	12520000	"CG32105,CG10418,GRHRII,Ncc69,CG32104,Pbprp1,Smyd4,CG32103,Gap69C,toe,eyg,CG32102,CG10616,CG10663,CG33725,CG10660,CG10657,CG10638,CG10681,CG10646,vih,CG10654,sti,tral,Pcaf,ver,eIF-2beta"	PcG	21440000	21680000	"Syx7,croc,Neu2,CG7202,CG7519,Hr78,CG33214,Est-Q,M6,SAK,Cdk12,CG7611,CG33291,CG33292,Cpr78E,CG11249,CG7158,CG11248,Sfp78E,CG32442,Mkrn1,CG33289,Pros54,CG7181,VhaM9.7-b,CG33290,Wnk,CG7173,capaR,CG7634,AP-2,S1P,CG11307,CG7166,CG11306,MED1,ORMDL,CG32444,CG324"	PcG	151	42.57991	1.826303744													
100	X	8520000	8560000	oc	PcG	8640000	8720000	Lim1	PcG	360	103.7339	1.795109466													
104	X	4280000	4360000	"CG32773,bi"	PcG	4480000	4520000	peb	PcG	409	118.6918	1.784880575													
106	3R	12480000	12800000	"modSP,Ubx,CG31275,Glut3,abd-A,CG31270,Abd-B"	PcG	17200000	17400000	"mod(mdg4),tin,bap,CG6475,CG43311,CG7907,CheB93a,CheB93b,lbl,lbe,CG7922,C15,CG7956,slou,CG15498,InR"	PcG	615	178.87256	1.781654323													
112	X	4440000	4600000	"Usf,CG15912,CG11436,CG3527,CG11444,CG3546,CG12684,peb,CG12184,CG12179,pon,CG3081,CG3062,HLH4C,mRpL30,torp4a,Cbp80,CG15473,CG3009,rap,Pp2C1,ctp,l(1)G0334,CG7024"	PcG	17440000	17520000	"CG12991,CG12992,X11L,CG8408,ppk23,l(1)G0222"	PcG	58	16.98259	1.7719964													
117	2R	19520000	19560000	"retn,Pde8"	PcG	20680000	20720000	"Reg-5,ETH,Orc4,CG12849,CG3611,CG42851,Dll"	PcG	60	17.7192	1.759649031													
119	3R	3960000	4040000	"grn,CheA84a"	PcG	9680000	9760000	"CG14362,E5,ems"	PcG	60	17.74824	1.757286534													
124	X	4280000	4400000	"CG32773,bi"	PcG	5440000	5480000	Vsx2	PcG	128	38.2101	1.744117872													
138	3R	9680000	9760000	"CG14362,E5,ems"	PcG	12640000	12800000	"abd-A,CG31270,Abd-B"	PcG	165	49.78002	1.728827309													
142	3R	600000	760000	"atms,CG14655,CG17387,CG42574,Hus1-like,CG1129,CG1126,CG14657,CG14658,CG14659,opa,Gnf1,Cdep,CG34306"	PcG	11760000	11880000	"blp,Sap47,CG31088,CG4287,CG5516,CG32856,Rbf2,mor,Hel89B,srp,GATAe,pnr,CG10264,CG10407,ird5,CG5013,msps"	PcG	50	15.13169	1.724354969													
150	3R	12200000	12240000	ss	PcG	17240000	17400000	"lbl,lbe,C15,CG7956,slou,CG15498,InR"	PcG	72	21.96299	1.712922433													
163	3R	17200000	17280000	"mod(mdg4),tin,bap,CG6475,CG43311,CG7907,CheB93a,CheB93b,lbl,lbe"	PcG	17360000	17400000	"slou,CG15498,InR"	PcG	690	214.6203	1.684809821													
170	3R	640000	720000	"CG1129,CG1126,CG14657,CG14658,CG14659,opa,laf"	PcG	9640000	9720000	"CG14362,E5,tal-1A,tal-2A,tal-3A,tal-AA,Mst87F,Nsf2,CG31495"	PcG	50	15.64977	1.67578664													
194	2L	560000	600000	"rempA,CG2789,CG11835,CG2794,Nle,CG2807,Ipk2,cold,Ptth,Pph13,Gsc"	PcG	3640000	3720000	"for,CG34340,Sfp24Ba,CG42463,Sfp24Bb,Sfp24Bc,CG16704,CG3513,Acp24A4,CG43165,CG16713,CG16712,CG3604,CG10031,CG42464,CG42465,Sfp24C1,CG42467,CG43145,CG2816,CG31778,CG31777,cutlet,CG31955,CG2818,lectin-24A,Shaw"	PcG	58	18.56414	1.643534418													
197	3L	8960000	9040000	"CG5021,CG5026,pix,Srp68,CG5644,CG13314,Galk,CG5068,CG5280,smg,CG5087,Doc3,CG5194,Doc2,Doc1"	PcG	12400000	12480000	"CG32103,Gap69C,toe,eyg,CG32102,CG10616,CG10663,CG33725,CG10660"	PcG	71	22.815	1.637836371													
216	X	4480000	4560000	"peb,CG12184,CG12179,pon,CG3081,CG3062,HLH4C,mRpL30,torp4a,Cbp80,CG15473,CG3009"	PcG	5400000	5520000	"CG12730,Vsx2,Vsx1,CG34435,CG34434,RhoGAP5A,Mlc-c,l(1)G0045"	PcG	102	33.45728	1.608177085													
208	2L	3480000	3640000	"CG15414,tim,CG31954,CG33123,CG17593,CG3213,sob,odd,Dot,CG15418,for"	PcG	360000	400000	"al,CG4213"	HP1 / centromeric	94	30.58019	1.620063386													
13	2R	1800000	1880000	"CG43366,CG7882,CG7881,BubR1,mle,Src42A"	HP1 / centromeric	2160000	2360000	N/A	HP1 / centromeric	56	10.54387	2.409022339													
37	2L	22160000	22560000	"CG42748,CG1832,CG3635,Ir40a,CG3262,RpL21,Tif-IA,CG17018,RpL5,CG17490,CG17493,CG17494,CG40006"	HP1 / centromeric	22400000	23000000	"CG40006,CG40439,lt,CG40005,cta,Spf45,RpL5,CG17490,CG43266,CG17715,Cht3,CR43242"	HP1 / centromeric	2837	678.678678	2.063565557													
92	2L	21560000	21840000	"Lamp1,nompB,CG2201,Df31,Ac3,CG43144,Cul-2,CG2225,Ef2b,CG31619,step,CG1416,CG31612,CG11630,tsh"	HP1 / centromeric	21960000	22440000	"CG2528,CG31693,tio,CG41434,CG31601,CG34173,CG42597,CG31702,ttm3,CG31703,CG15219,CG10834,CG6675,CG3651,CycK,CG42748,CG34137,CG1832,CG3635,Ir40a,CG3262,RpL21,Tif-IA,CG17018,RpL5,CG17490"	HP1 / centromeric	2139	606.35756	1.818695797													
221	2L	22160000	22200000	"CG42748,CG1832,CG3635,Ir40a"	HP1 / centromeric	22280000	22320000	CG17018	HP1 / centromeric	143	47.161	1.600348932													
248	2R	2200000	2240000	N/A	HP1 / centromeric	2440000	2480000	jing	HP1 / centromeric	55	18.7508	1.552479469													